panchayat_id,panchayat_name,block_name,date,forecast_issue_date,lead_days,block_forecast_rainfall_mm,actual_rainfall_mm
1001,Ajmer Saundane,Baglan,2026-09-04,2026-09-04,0,5.0,2.5
1002,Akhatwade,Baglan,2026-09-04,2026-09-04,0,5.0,2.5
1003,Aliyabad,Baglan,2026-09-04,2026-09-04,0,5.0,2.5
1004,Ambapur,Baglan,2026-09-04,2026-09-04,0,5.0,2.5
1005,Ambasan,Baglan,2026-09-04,2026-09-04,0,5.0,2.5
1006,Anandpur,Baglan,2026-09-04,2026-09-04,0,5.0,2.5
1007,Antapur,Baglan,2026-09-04,2026-09-04,0,5.0,2.5
1008,Arai,Baglan,2026-09-04,2026-09-04,0,5.0,2.5
1009,Askheda,Baglan,2026-09-04,2026-09-04,0,5.0,2.5
1010,Aundane,Baglan,2026-09-04,2026-09-04,0,5.0,2.5
1011,Aundanepada,Baglan,2026-09-04,2026-09-04,0,5.0,2.5
1012,Avhati,Baglan,2026-09-04,2026-09-04,0,5.0,2.5
1013,Babulne,Baglan,2026-09-04,2026-09-04,0,5.0,2.5
1014,Bhadane,Baglan,2026-09-04,2026-09-04,0,5.0,2.5
1015,Bhakshi,Baglan,2026-09-04,2026-09-04,0,5.0,2.5
1016,Bhavanagar,Baglan,2026-09-04,2026-09-04,0,5.0,2.5
1017,Bhawade,Baglan,2026-09-04,2026-09-04,0,5.0,2.5
1018,Bhildar,Baglan,2026-09-04,2026-09-04,0,5.0,2.5
1019,Bhilwad,Baglan,2026-09-04,2026-09-04,0,5.0,2.5
1020,Bhimkhet,Baglan,2026-09-04,2026-09-04,0,5.0,2.5
1021,Bijorse,Baglan,2026-09-04,2026-09-04,0,5.0,2.5
1022,Bijote,Baglan,2026-09-04,2026-09-04,0,5.0,2.5
1023,Bodhari,Baglan,2026-09-04,2026-09-04,0,5.0,2.5
1024,Bordaivat,Baglan,2026-09-04,2026-09-04,0,5.0,2.5
1025,Borhate Digar,Baglan,2026-09-04,2026-09-04,0,5.0,2.5
1026,Brahamangaon,Baglan,2026-09-03,2026-09-03,0,2.0,1.4
1027,Brahamangaon,Baglan,2026-09-03,2026-09-03,0,2.0,1.4
1028,Bundhate,Baglan,2026-09-03,2026-09-03,0,2.0,1.4
1029,Chaphyachapada,Baglan,2026-09-03,2026-09-03,0,2.0,1.4
1030,Chaugaon,Baglan,2026-09-03,2026-09-03,0,2.0,1.4
1031,Chaundhane,Baglan,2026-09-03,2026-09-03,0,2.0,1.4
1032,Chirai,Baglan,2026-09-03,2026-09-03,0,2.0,1.4
1033,Daharane,Baglan,2026-09-03,2026-09-03,0,2.0,1.4
1034,Dahindule,Baglan,2026-09-03,2026-09-03,0,2.0,1.4
1035,Dangsoundane,Baglan,2026-09-03,2026-09-03,0,2.0,1.4
1036,Daregaon,Baglan,2026-09-03,2026-09-03,0,2.0,1.4
1037,Daswel,Baglan,2026-09-03,2026-09-03,0,2.0,1.4
1038,Deolane,Baglan,2026-09-03,2026-09-03,0,2.0,1.4
1039,Devthan Digar,Baglan,2026-09-03,2026-09-03,0,2.0,1.4
1040,Dhandri,Baglan,2026-09-03,2026-09-03,0,2.0,1.4
1041,Dholbare,Baglan,2026-09-03,2026-09-03,0,2.0,1.4
1042,Dongrej,Baglan,2026-09-03,2026-09-03,0,2.0,1.4
1043,Dyane,Baglan,2026-09-03,2026-09-03,0,2.0,1.4
1044,Ejamane,Baglan,2026-09-03,2026-09-03,0,2.0,1.4
1045,Golwad,Baglan,2026-09-03,2026-09-03,0,2.0,1.4
1046,Gorane,Baglan,2026-09-03,2026-09-03,0,2.0,1.4
1047,Jad,Baglan,2026-09-03,2026-09-03,0,2.0,1.4
1048,Jaikheda,Baglan,2026-09-03,2026-09-03,0,2.0,1.8
1049,Jakhod,Baglan,2026-09-03,2026-09-03,0,2.0,1.4
1050,Jamoti,Baglan,2026-09-03,2026-09-03,0,2.0,1.4
1051,Joran,Baglan,2026-09-02,2026-09-02,0,8.0,1.4
1052,Junenirpur,Baglan,2026-09-02,2026-09-02,0,8.0,1.4
1053,Junishemli,Baglan,2026-09-02,2026-09-02,0,8.0,1.4
1054,Kakadgaon,Baglan,2026-09-02,2026-09-02,0,8.0,1.4
1055,Kandhane,Baglan,2026-09-02,2026-09-02,0,8.0,1.4
1056,Kapaleshwar,Baglan,2026-09-02,2026-09-02,0,8.0,1.4
1057,Karanjad,Baglan,2026-09-02,2026-09-02,0,8.0,1.4
1058,Karanjkhede,Baglan,2026-09-02,2026-09-02,0,8.0,1.4
1059,Karhe,Baglan,2026-09-02,2026-09-02,0,8.0,1.4
1060,Katerwel,Baglan,2026-09-02,2026-09-02,0,8.0,1.4
1061,Kelzar,Baglan,2026-09-02,2026-09-02,0,8.0,1.4
1062,Kersane,Baglan,2026-09-02,2026-09-02,0,8.0,1.4
1063,Khalche Tembe,Baglan,2026-09-02,2026-09-02,0,8.0,1.4
1064,Khamlon,Baglan,2026-09-02,2026-09-02,0,8.0,1.4
1065,Khamtane,Baglan,2026-09-02,2026-09-02,0,8.0,1.4
1066,Khirmani,Baglan,2026-09-02,2026-09-02,0,8.0,1.4
1067,Kikwari Bu.,Baglan,2026-09-02,2026-09-02,0,8.0,1.4
1068,Kikwari Kh.,Baglan,2026-09-02,2026-09-02,0,8.0,1.4
1069,Kolipada,Baglan,2026-09-02,2026-09-02,0,8.0,1.4
1070,Kotbel,Baglan,2026-09-02,2026-09-02,0,8.0,1.4
1071,Kupkheda,Baglan,2026-09-02,2026-09-02,0,8.0,1.4
1072,Ladud,Baglan,2026-09-02,2026-09-02,0,8.0,1.4
1073,Lakhamapur,Baglan,2026-09-02,2026-09-02,0,8.0,1.4
1074,Mahad,Baglan,2026-09-02,2026-09-02,0,8.0,1.4
1075,Malegaon,Baglan,2026-09-02,2026-09-02,0,8.0,1.4
1076,Malegaon,Baglan,2026-09-01,2026-09-01,0,12.0,1.3
1077,Malegaon,Baglan,2026-09-01,2026-09-01,0,12.0,1.3
1078,Maliwada,Baglan,2026-09-01,2026-09-01,0,12.0,1.3
1079,Manjawad,Baglan,2026-09-01,2026-09-01,0,12.0,1.3
1080,Manur,Baglan,2026-09-01,2026-09-01,0,12.0,1.3
1081,Morane Sahebrao,Baglan,2026-09-01,2026-09-01,0,12.0,1.3
1082,Morenagaon,Baglan,2026-09-01,2026-09-01,0,12.0,1.3
1083,Morkure,Baglan,2026-09-01,2026-09-01,0,12.0,1.3
1084,Mulane,Baglan,2026-09-01,2026-09-01,0,12.0,1.3
1085,Mulher,Baglan,2026-09-01,2026-09-01,0,12.0,1.5
1086,Mungase,Baglan,2026-09-01,2026-09-01,0,12.0,1.3
1087,Nalkes,Baglan,2026-09-01,2026-09-01,0,12.0,1.3
1088,Nampur,Baglan,2026-09-01,2026-09-01,0,12.0,1.2
1089,Nandin,Baglan,2026-09-01,2026-09-01,0,12.0,1.3
1090,Navegaon,Baglan,2026-09-01,2026-09-01,0,12.0,1.3
1091,Navenirpur,Baglan,2026-09-01,2026-09-01,0,12.0,1.3
1092,Navishemli,Baglan,2026-09-01,2026-09-01,0,12.0,1.3
1093,Nikwel,Baglan,2026-09-01,2026-09-01,0,12.0,1.3
1094,Nitane,Baglan,2026-09-01,2026-09-01,0,12.0,1.3
1095,Parner,Baglan,2026-09-01,2026-09-01,0,12.0,1.3
1096,Pathave Digar,Baglan,2026-09-01,2026-09-01,0,12.0,1.3
1097,Phophir,Baglan,2026-09-01,2026-09-01,0,12.0,1.3
1098,Pimpaldar,Baglan,2026-09-01,2026-09-01,0,12.0,1.3
1099,Pimpalkote,Baglan,2026-09-01,2026-09-01,0,12.0,1.3
1100,Pingalwade,Baglan,2026-09-01,2026-09-01,0,12.0,1.3
1101,Ramtir,Baglan,2026-04-09,2026-04-09,0,5.0,2.5
1102,Ratir,Baglan,2026-04-09,2026-04-09,0,5.0,2.5
1103,Sakode,Baglan,2026-04-09,2026-04-09,0,5.0,2.5
1104,Salher,Baglan,2026-04-09,2026-04-09,0,5.0,2.5
1105,Salvan,Baglan,2026-04-09,2026-04-09,0,5.0,2.5
1106,Sarade,Baglan,2026-04-09,2026-04-09,0,5.0,2.5
1107,Shevare,Baglan,2026-04-09,2026-04-09,0,5.0,2.5
1108,Shripurwade,Baglan,2026-04-09,2026-04-09,0,5.0,2.5
1109,Sompur,Baglan,2026-04-09,2026-04-09,0,5.0,2.5
1110,Surane,Baglan,2026-04-09,2026-04-09,0,5.0,2.5
1111,Taharabad,Baglan,2026-04-09,2026-04-09,0,5.0,2.5
1112,Talwade Bu.,Baglan,2026-04-09,2026-04-09,0,5.0,2.5
1113,Talwade Di.,Baglan,2026-04-09,2026-04-09,0,5.0,2.5
1114,Tandulwadi,Baglan,2026-04-09,2026-04-09,0,5.0,2.5
1115,Tarsali,Baglan,2026-04-09,2026-04-09,0,5.0,2.5
1116,Tatani,Baglan,2026-04-09,2026-04-09,0,5.0,2.5
1117,Tembhe (Vare),Baglan,2026-04-09,2026-04-09,0,5.0,2.5
1118,Thengode,Baglan,2026-04-09,2026-04-09,0,5.0,2.5
1119,Tilwan,Baglan,2026-04-09,2026-04-09,0,5.0,2.5
1120,Tungan Digar,Baglan,2026-04-09,2026-04-09,0,5.0,2.5
1121,Utrane,Baglan,2026-04-09,2026-04-09,0,5.0,2.5
1122,Vattar,Baglan,2026-04-09,2026-04-09,0,5.0,2.5
1123,Vinchure,Baglan,2026-04-09,2026-04-09,0,5.0,2.5
1124,Virgaon,Baglan,2026-04-09,2026-04-09,0,5.0,2.5
1125,Visapur,Baglan,2026-04-09,2026-04-09,0,5.0,2.5
1126,Vonoli,Baglan,2026-03-09,2026-03-09,0,2.0,1.4
1127,Wadipisol,Baglan,2026-03-09,2026-03-09,0,2.0,1.4
1128,Waghale,Baglan,2026-03-09,2026-03-09,0,2.0,1.4
1129,Waghambe,Baglan,2026-03-09,2026-03-09,0,2.0,1.4
1130,Wathode,Baglan,2026-03-09,2026-03-09,0,2.0,1.4
1131,Wayagaon,Baglan,2026-03-09,2026-03-09,0,2.0,1.4
1132,Yashwantnagar,Baglan,2026-03-09,2026-03-09,0,2.0,1.4
1133,Adgon,Chandwad,2026-03-09,2026-03-09,0,3.5,2.1
1134,Ahirkhede,Chandwad,2026-03-09,2026-03-09,0,3.5,2.1
1135,Asarkhede,Chandwad,2026-03-09,2026-03-09,0,3.5,2.1
1136,Bahaduri,Chandwad,2026-03-09,2026-03-09,0,3.5,2.1
1137,Bhadane,Chandwad,2026-03-09,2026-03-09,0,3.5,2.1
1138,Bhatgaon,Chandwad,2026-03-09,2026-03-09,0,3.5,2.1
1139,Bhayale,Chandwad,2026-03-09,2026-03-09,0,3.5,2.1
1140,Bhoyegaon,Chandwad,2026-03-09,2026-03-09,0,3.5,2.1
1141,Bhutyane,Chandwad,2026-03-09,2026-03-09,0,3.5,2.1
1142,Bopane,Chandwad,2026-03-09,2026-03-09,0,3.5,2.1
1143,Borale,Chandwad,2026-03-09,2026-03-09,0,3.5,2.1
1144,Chikhalamthan,Chandwad,2026-03-09,2026-03-09,0,3.5,2.1
1145,Chinchole,Chandwad,2026-03-09,2026-03-09,0,3.5,2.1
1146,Dahegaon,Chandwad,2026-03-09,2026-03-09,0,3.5,2.1
1147,Dahivad,Chandwad,2026-03-09,2026-03-09,0,3.5,2.1
1148,Dahyane,Chandwad,2026-03-09,2026-03-09,0,3.5,2.1
1149,Daregaon,Chandwad,2026-03-09,2026-03-09,0,3.5,2.1
1150,Devargaon,Chandwad,2026-03-09,2026-03-09,0,3.5,2.1
1151,Dhodambe,Chandwad,2026-02-09,2026-02-09,0,10.0,15.0
1152,Dhondgavhan,Chandwad,2026-02-09,2026-02-09,0,10.0,15.0
1153,Dighwat,Chandwad,2026-02-09,2026-02-09,0,10.0,15.0
1154,Dongaon,Chandwad,2026-02-09,2026-02-09,0,10.0,15.0
1155,Dongargaon,Chandwad,2026-02-09,2026-02-09,0,10.0,15.0
1156,Dudh Kheda,Chandwad,2026-02-09,2026-02-09,0,10.0,15.0
1157,Dugaon,Chandwad,2026-02-09,2026-02-09,0,10.0,15.0
1158,Gangave,Chandwad,2026-02-09,2026-02-09,0,10.0,15.0
1159,Ganur,Chandwad,2026-02-09,2026-02-09,0,10.0,15.0
1160,Goharan,Chandwad,2026-02-09,2026-02-09,0,10.0,15.0
1161,Harnul,Chandwad,2026-02-09,2026-02-09,0,10.0,15.0
1162,Hatti,Chandwad,2026-02-09,2026-02-09,0,10.0,15.0
1163,Hirapur,Chandwad,2026-02-09,2026-02-09,0,10.0,15.0
1164,Hiwarkhed,Chandwad,2026-02-09,2026-02-09,0,10.0,15.0
1165,Jopul,Chandwad,2026-02-09,2026-02-09,0,10.0,15.0
1166,Kaji Sangvi,Chandwad,2026-02-09,2026-02-09,0,10.0,15.0
1167,Kalamdare,Chandwad,2026-02-09,2026-02-09,0,10.0,15.0
1168,Kalkhode,Chandwad,2026-02-09,2026-02-09,0,10.0,15.0
1169,Kanadgaon,Chandwad,2026-02-09,2026-02-09,0,10.0,15.0
1170,Kanmanda,Chandwad,2026-02-09,2026-02-09,0,10.0,15.0
1171,Katarwadi,Chandwad,2026-02-09,2026-02-09,0,10.0,15.0
1172,Khadak Jam,Chandwad,2026-02-09,2026-02-09,0,10.0,15.0
1173,Khadakoze,Chandwad,2026-02-09,2026-02-09,0,10.0,15.0
1174,Kheldari,Chandwad,2026-02-09,2026-02-09,0,10.0,15.0
1175,Kokankheda,Chandwad,2026-02-09,2026-02-09,0,10.0,15.0
1176,Kundalgaon,Chandwad,2026-01-09,2026-01-09,0,6.0,7.5
1177,Malsane,Chandwad,2026-01-09,2026-01-09,0,6.0,7.5
1178,Mangrul,Chandwad,2026-01-09,2026-01-09,0,6.0,7.5
1179,Mesankhede,Chandwad,2026-01-09,2026-01-09,0,6.0,7.5
1180,Nandurtek,Chandwad,2026-01-09,2026-01-09,0,6.0,7.5
1181,Nanhave,Chandwad,2026-01-09,2026-01-09,0,6.0,7.5
1182,Narayangaon,Chandwad,2026-01-09,2026-01-09,0,6.0,7.5
1183,Nimbale,Chandwad,2026-01-09,2026-01-09,0,6.0,7.5
1184,Nimgavhan,Chandwad,2026-01-09,2026-01-09,0,6.0,7.5
1185,Nimon,Chandwad,2026-01-09,2026-01-09,0,6.0,7.5
1186,Panhale,Chandwad,2026-01-09,2026-01-09,0,6.0,7.5
1187,Paregaon,Chandwad,2026-01-09,2026-01-09,0,6.0,7.5
1188,Parsul,Chandwad,2026-01-09,2026-01-09,0,6.0,7.5
1189,Pate,Chandwad,2026-01-09,2026-01-09,0,6.0,7.5
1190,Patharshep,Chandwad,2026-01-09,2026-01-09,0,6.0,7.5
1191,Pimpalnar,Chandwad,2026-01-09,2026-01-09,0,6.0,7.5
1192,Pimplad,Chandwad,2026-01-09,2026-01-09,0,6.0,7.5
1193,Puri,Chandwad,2026-01-09,2026-01-09,0,6.0,7.5
1194,Rahud,Chandwad,2026-01-09,2026-01-09,0,6.0,7.5
1195,Rajderwadi,Chandwad,2026-01-09,2026-01-09,0,6.0,7.5
1196,Raypur,Chandwad,2026-01-09,2026-01-09,0,6.0,7.5
1197,Redgaon Kh.,Chandwad,2026-01-09,2026-01-09,0,6.0,7.5
1198,Salsane,Chandwad,2026-01-09,2026-01-09,0,6.0,7.5
1199,Shelu,Chandwad,2026-01-09,2026-01-09,0,6.0,7.5
1200,Shinde,Chandwad,2026-01-09,2026-01-09,0,6.0,7.5
1201,Shingave,Chandwad,2026-09-04,2026-09-04,0,40.0,45.2
1202,Shirsane,Chandwad,2026-09-04,2026-09-04,0,40.0,45.2
1203,Shirur,Chandwad,2026-09-04,2026-09-04,0,40.0,45.2
1204,Shivare,Chandwad,2026-09-04,2026-09-04,0,40.0,45.2
1205,Sogras,Chandwad,2026-09-04,2026-09-04,0,40.0,45.2
1206,Sonisangvi,Chandwad,2026-09-04,2026-09-04,0,40.0,45.2
1207,Sutarkheda,Chandwad,2026-09-04,2026-09-04,0,40.0,45.2
1208,Talegoan Rohi,Chandwad,2026-09-04,2026-09-04,0,40.0,45.2
1209,Talwade,Chandwad,2026-09-04,2026-09-04,0,40.0,45.2
1210,Tisgaon,Chandwad,2026-09-04,2026-09-04,0,40.0,45.2
1211,Urdhul,Chandwad,2026-09-04,2026-09-04,0,40.0,45.2
1212,Uswad,Chandwad,2026-09-04,2026-09-04,0,40.0,45.2
1213,Vadalibhoi,Chandwad,2026-09-04,2026-09-04,0,40.0,45.2
1214,Vadbare,Chandwad,2026-09-04,2026-09-04,0,40.0,45.2
1215,Vadgaonpada,Chandwad,2026-09-04,2026-09-04,0,40.0,45.2
1216,Vadner Bhairav,Chandwad,2026-09-04,2026-09-04,0,40.0,45.2
1217,Vitave,Chandwad,2026-09-04,2026-09-04,0,40.0,45.2
1218,Wad,Chandwad,2026-09-04,2026-09-04,0,40.0,45.2
1219,Waghdard,Chandwad,2026-09-04,2026-09-04,0,40.0,45.2
1220,Wahegaon,Chandwad,2026-09-04,2026-09-04,0,40.0,45.2
1221,Waki Bk.,Chandwad,2026-09-04,2026-09-04,0,40.0,45.2
1222,Waki Kd.,Chandwad,2026-09-04,2026-09-04,0,40.0,45.2
1223,Bhaur,Deola,2026-09-04,2026-09-04,0,35.0,38.5
1224,Chinchave,Deola,2026-09-04,2026-09-04,0,35.0,38.5
1225,Dahiwad,Deola,2026-09-04,2026-09-04,0,35.0,38.5
1226,Deopurpa,Deola,2026-09-03,2026-09-03,0,5.0,2.1
1227,Dongargaon,Deola,2026-09-03,2026-09-03,0,5.0,2.1
1228,Fule Malwadi,Deola,2026-09-03,2026-09-03,0,5.0,2.1
1229,Fulenagar,Deola,2026-09-03,2026-09-03,0,5.0,2.1
1230,Girnare,Deola,2026-09-03,2026-09-03,0,5.0,2.1
1231,Gunjalnagar,Deola,2026-09-03,2026-09-03,0,5.0,2.1
1232,Kankapur,Deola,2026-09-03,2026-09-03,0,5.0,2.1
1233,Kapashi,Deola,2026-09-03,2026-09-03,0,5.0,2.1
1234,Khadaktale,Deola,2026-09-03,2026-09-03,0,5.0,2.1
1235,Khalap,Deola,2026-09-03,2026-09-03,0,5.0,2.1
1236,Khamkheda,Deola,2026-09-03,2026-09-03,0,5.0,2.1
1237,Kharde (W),Deola,2026-09-03,2026-09-03,0,5.0,2.1
1238,Khuntewadi,Deola,2026-09-03,2026-09-03,0,5.0,2.1
1239,Kumbharde,Deola,2026-09-03,2026-09-03,0,5.0,2.1
1240,Lohoner,Deola,2026-09-03,2026-09-03,0,5.0,2.1
1241,Mahalpatre,Deola,2026-09-03,2026-09-03,0,5.0,2.1
1242,Malwadi,Deola,2026-09-03,2026-09-03,0,5.0,2.1
1243,Matane,Deola,2026-09-03,2026-09-03,0,5.0,2.1
1244,Meshi,Deola,2026-09-02,2026-09-02,0,8.0,1.4
1245,M.Fulenagar,Deola,2026-09-02,2026-09-02,0,8.0,1.4
1246,Nimbola,Deola,2026-09-02,2026-09-02,0,8.0,1.4
1247,Pimpalgaon,Deola,2026-09-02,2026-09-02,0,8.0,1.4
1248,Rameshwar,Deola,2026-09-02,2026-09-02,0,8.0,1.4
1249,Sangavi,Deola,2026-09-02,2026-09-02,0,8.0,1.4
1250,Satwaiwadi,Deola,2026-09-02,2026-09-02,0,8.0,1.4
1251,Savki (Lo),Deola,2026-09-02,2026-09-02,0,8.0,1.4
1252,Sheri (Lo),Deola,2026-09-02,2026-09-02,0,8.0,1.4
1253,Shrirampur,Deola,2026-09-02,2026-09-02,0,8.0,1.4
1254,Subhashnagar,Deola,2026-09-02,2026-09-02,0,8.0,1.4
1255,Tisgaon,Deola,2026-09-02,2026-09-02,0,8.0,1.4
1256,Umarane,Deola,2026-09-02,2026-09-02,0,8.0,1.4
1257,Varhale,Deola,2026-09-02,2026-09-02,0,8.0,1.4
1258,Varwandi,Deola,2026-09-02,2026-09-02,0,8.0,1.4
1259,Vasol,Deola,2026-09-02,2026-09-02,0,8.0,1.4
1260,Vijaynager,Deola,2026-09-02,2026-09-02,0,8.0,1.4
1261,Vithewadi,Deola,2026-09-02,2026-09-02,0,8.0,1.4
1262,Wajgaon ('L),Deola,2026-09-02,2026-09-02,0,8.0,1.4
1263,Wakhari,Deola,2026-09-02,2026-09-02,0,8.0,1.4
1264,Warshi,Deola,2026-09-02,2026-09-02,0,8.0,1.4
1265,Ahiwantwadi,Dindori,2026-09-02,2026-09-02,0,12.0,1.5
1266,Akrale,Dindori,2026-09-02,2026-09-02,0,12.0,1.5
1267,Ambad,Dindori,2026-09-02,2026-09-02,0,12.0,1.5
1268,Ambaner,Dindori,2026-09-02,2026-09-02,0,12.0,1.5
1269,Ambedindori,Dindori,2026-09-02,2026-09-02,0,12.0,1.5
1270,Ambegani,Dindori,2026-09-02,2026-09-02,0,12.0,1.5
1271,Ambewani,Dindori,2026-09-02,2026-09-02,0,12.0,1.5
1272,Ashewadi,Dindori,2026-09-02,2026-09-02,0,12.0,1.5
1273,Awankhed,Dindori,2026-09-02,2026-09-02,0,12.0,1.5
1274,Badgichap,Dindori,2026-09-02,2026-09-02,0,12.0,1.5
1275,Bhanwad,Dindori,2026-09-02,2026-09-02,0,12.0,1.5
1276,Bhatode,Dindori,2026-09-01,2026-09-01,0,15.0,1.3
1277,Bopegaon,Dindori,2026-09-01,2026-09-01,0,15.0,1.3
1278,Chachadgaon,Dindori,2026-09-01,2026-09-01,0,15.0,1.3
1279,Chandikapur,Dindori,2026-09-01,2026-09-01,0,15.0,1.3
1280,Charose,Dindori,2026-09-01,2026-09-01,0,15.0,1.3
1281,Chausale,Dindori,2026-09-01,2026-09-01,0,15.0,1.3
1282,Chinchakhed,Dindori,2026-09-01,2026-09-01,0,15.0,1.3
1283,Dahegaon,Dindori,2026-09-01,2026-09-01,0,15.0,1.3
1284,Dahivi,Dindori,2026-09-01,2026-09-01,0,15.0,1.3
1285,Dehare,Dindori,2026-09-01,2026-09-01,0,15.0,1.3
1286,Deoghar,Dindori,2026-09-01,2026-09-01,0,15.0,1.3
1287,Deopada,Dindori,2026-09-01,2026-09-01,0,15.0,1.3
1288,Deopur,Dindori,2026-09-01,2026-09-01,0,15.0,1.3
1289,Deosane,Dindori,2026-09-01,2026-09-01,0,15.0,1.3
1290,Deothan,Dindori,2026-09-01,2026-09-01,0,15.0,1.3
1291,Dhagur,Dindori,2026-09-01,2026-09-01,0,15.0,1.3
1292,Dhakambe,Dindori,2026-09-01,2026-09-01,0,15.0,1.3
1293,Dhaur,Dindori,2026-09-01,2026-09-01,0,15.0,1.3
1294,Dhondalpara,Dindori,2026-09-01,2026-09-01,0,15.0,1.3
1295,Gandole,Dindori,2026-09-01,2026-09-01,0,15.0,1.3
1296,Gawalwadi,Dindori,2026-09-01,2026-09-01,0,15.0,1.3
1297,Golshi,Dindori,2026-09-01,2026-09-01,0,15.0,1.3
1298,Gondegon,Dindori,2026-09-01,2026-09-01,0,15.0,1.3
1299,Hastedum,Dindori,2026-09-01,2026-09-01,0,15.0,1.3
1300,Hatnore,Dindori,2026-09-01,2026-09-01,0,15.0,1.3
1301,Bharvir Kh.,Igatpuri,2026-04-09,2026-04-09,0,20.0,28.5
1302,Bhavali Bk,Igatpuri,2026-04-09,2026-04-09,0,20.0,28.5
1303,Bhavali Kh,Igatpuri,2026-04-09,2026-04-09,0,20.0,28.5
1304,Borli,Igatpuri,2026-04-09,2026-04-09,0,20.0,28.5
1305,Bortembha,Igatpuri,2026-04-09,2026-04-09,0,20.0,28.5
1306,Chinchalekhaire,Igatpuri,2026-04-09,2026-04-09,0,20.0,28.5
1307,Daundat,Igatpuri,2026-04-09,2026-04-09,0,20.0,28.5
1308,Deole,Igatpuri,2026-04-09,2026-04-09,0,20.0,28.5
1309,Dhamangaon,Igatpuri,2026-04-09,2026-04-09,0,20.0,28.5
1310,Dhamani,Igatpuri,2026-04-09,2026-04-09,0,20.0,28.5
1311,Dhanorli,Igatpuri,2026-04-09,2026-04-09,0,20.0,28.5
1312,Dhargaon,Igatpuri,2026-04-09,2026-04-09,0,20.0,28.5
1313,Fangulgavhan,Igatpuri,2026-04-09,2026-04-09,0,20.0,28.5
1314,Garudeshwar,Igatpuri,2026-04-09,2026-04-09,0,20.0,28.5
1315,Ghoti Bk,Igatpuri,2026-04-09,2026-04-09,0,20.0,28.5
1316,Ghoti Kh,Igatpuri,2026-04-09,2026-04-09,0,20.0,28.5
1317,Gondedumala,Igatpuri,2026-04-09,2026-04-09,0,20.0,28.5
1318,Indore,Igatpuri,2026-04-09,2026-04-09,0,20.0,28.5
1319,Janori,Igatpuri,2026-04-09,2026-04-09,0,20.0,28.5
1320,Kaluste,Igatpuri,2026-04-09,2026-04-09,0,20.0,28.5
1321,Kanchangaon,Igatpuri,2026-04-09,2026-04-09,0,20.0,28.5
1322,Karhole,Igatpuri,2026-04-09,2026-04-09,0,20.0,28.5
1323,Kawanai,Igatpuri,2026-04-09,2026-04-09,0,20.0,28.5
1324,Khadked,Igatpuri,2026-04-09,2026-04-09,0,20.0,28.5
1325,Khairgaon,Igatpuri,2026-04-09,2026-04-09,0,20.0,28.5
1326,Khambale,Igatpuri,2026-03-09,2026-03-09,0,15.0,12.4
1327,Khed,Igatpuri,2026-03-09,2026-03-09,0,15.0,12.4
1328,Korapgaon,Igatpuri,2026-03-09,2026-03-09,0,15.0,12.4
1329,Krishnanagar,Igatpuri,2026-03-09,2026-03-09,0,15.0,12.4
1330,Kurhegaon,Igatpuri,2026-03-09,2026-03-09,0,15.0,12.4
1331,Kurnoli,Igatpuri,2026-03-09,2026-03-09,0,15.0,12.4
1332,Kurungwadi,Igatpuri,2026-03-09,2026-03-09,0,15.0,12.4
1333,Kushegaon,Igatpuri,2026-03-09,2026-03-09,0,15.0,12.4
1334,Laxminagar,Igatpuri,2026-03-09,2026-03-09,0,15.0,12.4
1335,Malunje,Igatpuri,2026-03-09,2026-03-09,0,15.0,12.4
1336,Manikkhamb,Igatpuri,2026-03-09,2026-03-09,0,15.0,12.4
1337,Manjargaon,Igatpuri,2026-03-09,2026-03-09,0,15.0,12.4
1338,Manvedhe,Igatpuri,2026-03-09,2026-03-09,0,15.0,12.4
1339,Maydara,Igatpuri,2026-03-09,2026-03-09,0,15.0,12.4
1340,Mhasurli,Igatpuri,2026-03-09,2026-03-09,0,15.0,12.4
1341,Modale,Igatpuri,2026-03-09,2026-03-09,0,15.0,12.4
1342,Mogre,Igatpuri,2026-03-09,2026-03-09,0,15.0,12.4
1343,Mukane,Igatpuri,2026-03-09,2026-03-09,0,15.0,12.4
1344,Mundhegaon,Igatpuri,2026-03-09,2026-03-09,0,15.0,12.4
1345,Murambi,Igatpuri,2026-03-09,2026-03-09,0,15.0,12.4
1346,Nagosali,Igatpuri,2026-03-09,2026-03-09,0,15.0,12.4
1347,Nandgaon Bk,Igatpuri,2026-03-09,2026-03-09,0,15.0,12.4
1348,Nandgaon Sado,Igatpuri,2026-03-09,2026-03-09,0,15.0,12.4
1349,Nandurvaidya,Igatpuri,2026-03-09,2026-03-09,0,15.0,12.4
1350,Ninavi,Igatpuri,2026-03-09,2026-03-09,0,15.0,12.4
1351,Ondali,Igatpuri,2026-02-09,2026-02-09,0,45.0,52.2
1352,Padali (D),Igatpuri,2026-02-09,2026-02-09,0,45.0,44.8
1353,Pimpalgaon Bhatata,Igatpuri,2026-02-09,2026-02-09,0,45.0,52.2
1354,Pimpalgaon Dukra,Igatpuri,2026-02-09,2026-02-09,0,45.0,52.2
1355,Pimpalgaon More,Igatpuri,2026-02-09,2026-02-09,0,45.0,52.2
1356,Pimpalgaon Ghadga,Igatpuri,2026-02-09,2026-02-09,0,45.0,52.2
1357,Pimpri-Sadrddino,Igatpuri,2026-02-09,2026-02-09,0,45.0,52.2
1358,Rayambe,Igatpuri,2026-02-09,2026-02-09,0,45.0,52.2
1359,Sakur,Igatpuri,2026-02-09,2026-02-09,0,45.0,52.2
1360,Samnera,Igatpuri,2026-02-09,2026-02-09,0,45.0,52.2
1361,Sanjegaon,Igatpuri,2026-02-09,2026-02-09,0,45.0,52.2
1362,Shenit,Igatpuri,2026-02-09,2026-02-09,0,45.0,52.2
1363,Shenwad Bk,Igatpuri,2026-02-09,2026-02-09,0,45.0,52.2
1364,Shenwad Kh,Igatpuri,2026-02-09,2026-02-09,0,45.0,52.2
1365,Shevagedang,Igatpuri,2026-02-09,2026-02-09,0,45.0,52.2
1366,Shirsate,Igatpuri,2026-02-09,2026-02-09,0,45.0,52.2
1367,Somaj,Igatpuri,2026-02-09,2026-02-09,0,45.0,52.2
1368,Sonoshi,Igatpuri,2026-02-09,2026-02-09,0,45.0,52.2
1369,Taked Bk,Igatpuri,2026-02-09,2026-02-09,0,45.0,52.2
1370,Taked Kh.,Igatpuri,2026-02-09,2026-02-09,0,45.0,52.2
1371,Takeghoti,Igatpuri,2026-02-09,2026-02-09,0,45.0,52.2
1372,Talogha,Igatpuri,2026-02-09,2026-02-09,0,45.0,52.2
1373,Taloshi,Igatpuri,2026-02-09,2026-02-09,0,45.0,52.2
1374,Titoli,Igatpuri,2026-02-09,2026-02-09,0,45.0,52.2
1375,Tringalwadi,Igatpuri,2026-02-09,2026-02-09,0,45.0,52.2
1376,Ubhade,Igatpuri,2026-01-09,2026-01-09,0,5.0,3.8
1377,Umberkon,Igatpuri,2026-01-09,2026-01-09,0,5.0,3.8
1378,Vaki,Igatpuri,2026-01-09,2026-01-09,0,5.0,3.8
1379,Vasali,Igatpuri,2026-01-09,2026-01-09,0,5.0,3.8
1380,Wadiwarhe,Igatpuri,2026-01-09,2026-01-09,0,5.0,3.8
1381,Waghere,Igatpuri,2026-01-09,2026-01-09,0,5.0,3.8
1382,Walvihir,Igatpuri,2026-01-09,2026-01-09,0,5.0,3.8
1383,Abhona,Kalwan,2026-01-09,2026-01-09,0,8.0,5.6
1384,Athambe,Kalwan,2026-01-09,2026-01-09,0,8.0,5.6
1385,Bagadu,Kalwan,2026-01-09,2026-01-09,0,8.0,5.6
1386,Bapkheda,Kalwan,2026-01-09,2026-01-09,0,8.0,5.6
1387,Bhadwan,Kalwan,2026-01-09,2026-01-09,0,8.0,5.6
1388,Bhagurdi,Kalwan,2026-01-09,2026-01-09,0,8.0,5.6
1389,Bhaitane (D),Kalwan,2026-01-09,2026-01-09,0,8.0,5.6
1390,Bhandane Ha,Kalwan,2026-01-09,2026-01-09,0,8.0,5.6
1391,Bhendi,Kalwan,2026-01-09,2026-01-09,0,8.0,5.6
1392,Bhusani,Kalwan,2026-01-09,2026-01-09,0,8.0,5.6
1393,Bilwadi,Kalwan,2026-01-09,2026-01-09,0,8.0,5.6
1394,Bordaivat,Kalwan,2026-01-09,2026-01-09,0,8.0,5.6
1395,Chankapur,Kalwan,2026-01-09,2026-01-09,0,8.0,5.6
1396,Dahyane Digar,Kalwan,2026-01-09,2026-01-09,0,8.0,5.6
1397,Dalwat,Kalwan,2026-01-09,2026-01-09,0,8.0,5.6
1398,Darebhangi,Kalwan,2026-01-09,2026-01-09,0,8.0,5.6
1399,Deovalivani,Kalwan,2026-01-09,2026-01-09,0,8.0,5.6
1400,Desarane,Kalwan,2026-01-09,2026-01-09,0,8.0,5.6
1401,Desgaon,Kalwan,2026-04-09,2026-04-09,0,12.5,2.1
1402,Dharde Diger,Kalwan,2026-04-09,2026-04-09,0,12.5,2.1
1403,Ganore,Kalwan,2026-04-09,2026-04-09,0,12.5,2.1
1404,Gobapur,Kalwan,2026-04-09,2026-04-09,0,12.5,2.1
1405,Golakhal,Kalwan,2026-04-09,2026-04-09,0,12.5,2.1
1406,Gopalkhadi,Kalwan,2026-04-09,2026-04-09,0,12.5,2.1
1407,Gosarane,Kalwan,2026-04-09,2026-04-09,0,12.5,2.1
1408,Hingave,Kalwan,2026-04-09,2026-04-09,0,12.5,2.1
1409,Jaidar,Kalwan,2026-04-09,2026-04-09,0,12.5,2.1
1410,Jaipur,Kalwan,2026-04-09,2026-04-09,0,12.5,2.1
1411,Jamale Vani,Kalwan,2026-04-09,2026-04-09,0,12.5,2.1
1412,Juni Bej,Kalwan,2026-04-09,2026-04-09,0,12.5,2.1
1413,Kakane,Kalwan,2026-04-09,2026-04-09,0,12.5,2.1
1414,Kalmathe (Pa),Kalwan,2026-04-09,2026-04-09,0,12.5,2.1
1415,Kalwan (Kd),Kalwan,2026-04-09,2026-04-09,0,12.5,2.1
1416,Kanashi (K),Kalwan,2026-04-09,2026-04-09,0,12.5,2.1
1417,Karambhel (K),Kalwan,2026-04-09,2026-04-09,0,12.5,2.1
1418,Kathare Diger,Kalwan,2026-04-09,2026-04-09,0,12.5,2.1
1419,Khadakvan,Kalwan,2026-04-09,2026-04-09,0,12.5,2.1
1420,Khadki,Kalwan,2026-04-09,2026-04-09,0,12.5,2.1
1421,Kharde Diger,Kalwan,2026-04-09,2026-04-09,0,12.5,2.1
1422,Khedgaon,Kalwan,2026-04-09,2026-04-09,0,12.5,2.1
1423,Khirad,Kalwan,2026-04-09,2026-04-09,0,12.5,2.1
1424,Kosurde,Kalwan,2026-04-09,2026-04-09,0,12.5,2.1
1425,Koswan,Kalwan,2026-04-09,2026-04-09,0,12.5,2.1
1426,Kundane (K),Kalwan,2026-03-09,2026-03-09,0,10.0,2.8
1427,Kundane (O),Kalwan,2026-03-09,2026-03-09,0,10.0,2.8
1428,Lingama,Kalwan,2026-03-09,2026-03-09,0,10.0,2.8
1429,Malgaon (Kh),Kalwan,2026-03-09,2026-03-09,0,10.0,2.8
1430,Manur,Kalwan,2026-03-09,2026-03-09,0,10.0,2.8
1431,Mehedar,Kalwan,2026-03-09,2026-03-09,0,10.0,2.8
1432,Mohandari,Kalwan,2026-03-09,2026-03-09,0,10.0,2.8
1433,Mohmukh,Kalwan,2026-03-09,2026-03-09,0,10.0,2.8
1434,Mokhbhangi,Kalwan,2026-03-09,2026-03-09,0,10.0,2.8
1435,Mulanevani,Kalwan,2026-03-09,2026-03-09,0,10.0,2.8
1436,Nakoda,Kalwan,2026-03-09,2026-03-09,0,10.0,2.8
1437,Nalid,Kalwan,2026-03-09,2026-03-09,0,10.0,2.8
1438,Nanduri,Kalwan,2026-03-09,2026-03-09,0,10.0,2.8
1439,Narul,Kalwan,2026-03-09,2026-03-09,0,10.0,2.8
1440,Navi Bej,Kalwan,2026-03-09,2026-03-09,0,10.0,2.8
1441,Nivane,Kalwan,2026-03-09,2026-03-09,0,10.0,2.8
1442,Ojhar,Kalwan,2026-03-09,2026-03-09,0,10.0,2.8
1443,Otur,Kalwan,2026-03-09,2026-03-09,0,10.0,2.8
1444,Palasdar,Kalwan,2026-03-09,2026-03-09,0,10.0,2.8
1445,Pale (Bk),Kalwan,2026-03-09,2026-03-09,0,10.0,2.8
1446,Pale (Kd),Kalwan,2026-03-09,2026-03-09,0,10.0,2.8
1447,Patvihir,Kalwan,2026-03-09,2026-03-09,0,10.0,2.8
1448,Pilkos,Kalwan,2026-03-09,2026-03-09,0,10.0,2.8
1449,Pimpale (Bk),Kalwan,2026-03-09,2026-03-09,0,10.0,2.8
1450,Punadnagar,Kalwan,2026-03-09,2026-03-09,0,10.0,2.8
1451,Ravalji,Kalwan,2026-02-09,2026-02-09,0,15.0,1.5
1452,Sakore,Kalwan,2026-02-09,2026-02-09,0,15.0,1.5
1453,Saptashrungi Gad,Kalwan,2026-02-09,2026-02-09,0,15.0,1.5
1454,Sarledigar,Kalwan,2026-02-09,2026-02-09,0,15.0,1.5
1455,Savakipale,Kalwan,2026-02-09,2026-02-09,0,15.0,1.5
1456,Shingashi,Kalwan,2026-02-09,2026-02-09,0,15.0,1.5
1457,Shirasmani,Kalwan,2026-02-09,2026-02-09,0,15.0,1.5
1458,Sukapur,Kalwan,2026-02-09,2026-02-09,0,15.0,1.5
1459,Sule,Kalwan,2026-02-09,2026-02-09,0,15.0,1.5
1460,Supale Digar,Kalwan,2026-02-09,2026-02-09,0,15.0,1.5
1461,Tatani,Kalwan,2026-02-09,2026-02-09,0,15.0,1.5
1462,Tirhal (Kh),Kalwan,2026-02-09,2026-02-09,0,15.0,1.5
1463,Vadale (Ha),Kalwan,2026-02-09,2026-02-09,0,15.0,1.5
1464,Vadalevani,Kalwan,2026-02-09,2026-02-09,0,15.0,1.5
1465,Verule,Kalwan,2026-02-09,2026-02-09,0,15.0,1.5
1466,Virshet,Kalwan,2026-02-09,2026-02-09,0,15.0,1.5
1467,Visapur,Kalwan,2026-02-09,2026-02-09,0,15.0,1.5
1468,Wadi (Bk),Kalwan,2026-02-09,2026-02-09,0,15.0,1.5
1469,Aghar (Bk),Malegaon,2026-02-09,2026-02-09,0,8.0,0.4
1470,Aghar (Kd),Malegaon,2026-02-09,2026-02-09,0,8.0,0.4
1471,Ajande,Malegaon,2026-02-09,2026-02-09,0,8.0,0.4
1472,Ajang,Malegaon,2026-02-09,2026-02-09,0,8.0,0.4
1473,Astane,Malegaon,2026-02-09,2026-02-09,0,8.0,0.4
1474,Belgaon,Malegaon,2026-02-09,2026-02-09,0,8.0,0.4
1475,Bhardenagar,Malegaon,2026-02-09,2026-02-09,0,8.0,0.4
1476,Bhilkot,Malegaon,2026-01-09,2026-01-09,0,6.0,1.2
1477,Chandanpuri,Malegaon,2026-01-09,2026-01-09,0,6.0,1.2
1478,Chaukatpade,Malegaon,2026-01-09,2026-01-09,0,6.0,1.2
1479,Chikhalohol,Malegaon,2026-01-09,2026-01-09,0,6.0,1.2
1480,Chinchagavan,Malegaon,2026-01-09,2026-01-09,0,6.0,1.2
1481,Chinchawad,Malegaon,2026-01-09,2026-01-09,0,6.0,1.2
1482,Chinchwe (Ga),Malegaon,2026-01-09,2026-01-09,0,6.0,1.2
1483,Chondhi,Malegaon,2026-01-09,2026-01-09,0,6.0,1.2
1484,Dabali,Malegaon,2026-01-09,2026-01-09,0,6.0,1.2
1485,Dabhadi,Malegaon,2026-01-09,2026-01-09,0,6.0,1.2
1486,Dahidi,Malegaon,2026-01-09,2026-01-09,0,6.0,1.2
1487,Dahiwal,Malegaon,2026-01-09,2026-01-09,0,6.0,1.2
1488,Dapure,Malegaon,2026-01-09,2026-01-09,0,6.0,1.2
1489,Dasane,Malegaon,2026-01-09,2026-01-09,0,6.0,1.2
1490,Deoghat,Malegaon,2026-01-09,2026-01-09,0,6.0,1.2
1491,Devarpade,Malegaon,2026-01-09,2026-01-09,0,6.0,1.2
1492,Dhavaleshwar,Malegaon,2026-01-09,2026-01-09,0,6.0,1.2
1493,Dongrale,Malegaon,2026-01-09,2026-01-09,0,6.0,1.2
1494,Dundhe,Malegaon,2026-01-09,2026-01-09,0,6.0,1.2
1495,Erandgaon,Malegaon,2026-01-09,2026-01-09,0,6.0,1.2
1496,Galne,Malegaon,2026-01-09,2026-01-09,0,6.0,1.2
1497,Garbad,Malegaon,2026-01-09,2026-01-09,0,6.0,1.2
1498,Garegaon,Malegaon,2026-01-09,2026-01-09,0,6.0,1.2
1499,Ghanegaon,Malegaon,2026-01-09,2026-01-09,0,6.0,1.2
1500,Gilane,Malegaon,2026-01-09,2026-01-09,0,6.0,1.2
1501,Ghodegaon,Malegaon,2026-04-09,2026-04-09,0,15.0,2.5
1502,Gigaon,Malegaon,2026-04-09,2026-04-09,0,15.0,2.5
1503,Gilane,Malegaon,2026-04-09,2026-04-09,0,15.0,2.5
1504,Gugulwad,Malegaon,2026-04-09,2026-04-09,0,15.0,2.5
1505,Hatane,Malegaon,2026-04-09,2026-04-09,0,15.0,2.5
1506,Hiswal,Malegaon,2026-04-09,2026-04-09,0,15.0,2.5
1507,Jalgaon (Ga),Malegaon,2026-04-09,2026-04-09,0,15.0,2.5
1508,Jalgaon (Ni),Malegaon,2026-04-09,2026-04-09,0,15.0,2.5
1509,Jalku,Malegaon,2026-04-09,2026-04-09,0,15.0,2.5
1510,Jatpade,Malegaon,2026-04-09,2026-04-09,0,15.0,2.5
1511,Jeur,Malegaon,2026-04-09,2026-04-09,0,15.0,2.5
1512,Jwardi (Bk),Malegaon,2026-04-09,2026-04-09,0,15.0,2.5
1513,Kajwade,Malegaon,2026-04-09,2026-04-09,0,15.0,2.5
1514,Kalwadi,Malegaon,2026-04-09,2026-04-09,0,15.0,2.5
1515,Kandhane,Malegaon,2026-04-09,2026-04-09,0,15.0,2.5
1516,Kankrale,Malegaon,2026-04-09,2026-04-09,0,15.0,2.5
1517,Karanj Gavhan,Malegaon,2026-04-09,2026-04-09,0,15.0,2.5
1518,Kashti,Malegaon,2026-04-09,2026-04-09,0,15.0,2.5
1519,Kaulane (Ga),Malegaon,2026-04-09,2026-04-09,0,15.0,2.5
1520,Kaulane (Ni),Malegaon,2026-04-09,2026-04-09,0,15.0,2.5
1521,Khadaki,Malegaon,2026-04-09,2026-04-09,0,15.0,2.5
1522,Khakurdi,Malegaon,2026-04-09,2026-04-09,0,15.0,2.5
1523,Khalane,Malegaon,2026-04-09,2026-04-09,0,15.0,2.5
1524,Khayade,Malegaon,2026-04-09,2026-04-09,0,15.0,2.5
1525,Kothare (Bk),Malegaon,2026-04-09,2026-04-09,0,15.0,2.5
1526,Kukane,Malegaon,2026-03-09,2026-03-09,0,10.0,5.8
1527,Lakhani,Malegaon,2026-03-09,2026-03-09,0,10.0,5.8
1528,Lendane,Malegaon,2026-03-09,2026-03-09,0,10.0,5.8
1529,Lonwade,Malegaon,2026-03-09,2026-03-09,0,10.0,5.8
1530,Lulle,Malegaon,2026-03-09,2026-03-09,0,10.0,5.8
1531,Malgaon,Malegaon,2026-03-09,2026-03-09,0,10.0,5.8
1532,Malhangaon,Malegaon,2026-03-09,2026-03-09,0,10.0,5.8
1533,Manjre,Malegaon,2026-03-09,2026-03-09,0,10.0,5.8
1534,Manke,Malegaon,2026-03-09,2026-03-09,0,10.0,5.8
1535,Mathurpada,Malegaon,2026-03-09,2026-03-09,0,10.0,5.8
1536,Mehune,Malegaon,2026-03-09,2026-03-09,0,10.0,5.8
1537,Mohpada,Malegaon,2026-03-09,2026-03-09,0,10.0,5.8
1538,Mungse,Malegaon,2026-03-09,2026-03-09,0,10.0,5.8
1539,Nagaon (Di),Malegaon,2026-03-09,2026-03-09,0,10.0,5.8
1540,Nagzari,Malegaon,2026-03-09,2026-03-09,0,10.0,5.8
1541,Nale,Malegaon,2026-03-09,2026-03-09,0,10.0,5.8
1542,Nandgaon (Bk),Malegaon,2026-03-09,2026-03-09,0,10.0,5.8
1543,Nardane,Malegaon,2026-03-09,2026-03-09,0,10.0,5.8
1544,Nilgawhan,Malegaon,2026-03-09,2026-03-09,0,10.0,5.8
1545,Nimbayati,Malegaon,2026-03-09,2026-03-09,0,10.0,5.8
1546,Nimgaon,Malegaon,2026-03-09,2026-03-09,0,10.0,5.8
1547,Nimgaon (Kh),Malegaon,2026-03-09,2026-03-09,0,10.0,5.8
1548,Nimgile,Malegaon,2026-03-09,2026-03-09,0,10.0,5.8
1549,Nimshewadi,Malegaon,2026-03-09,2026-03-09,0,10.0,5.8
1550,Padalde,Malegaon,2026-03-09,2026-03-09,0,10.0,5.8
1551,Palasdare,Malegaon,2026-02-09,2026-02-09,0,20.0,12.4
1552,Pandhrun,Malegaon,2026-02-09,2026-02-09,0,20.0,12.4
1553,Patane,Malegaon,2026-02-09,2026-02-09,0,20.0,12.4
1554,Patharde,Malegaon,2026-02-09,2026-02-09,0,20.0,12.4
1555,Pimpalgaon,Malegaon,2026-02-09,2026-02-09,0,20.0,12.4
1556,Pohane,Malegaon,2026-02-09,2026-02-09,0,20.0,12.4
1557,Rajmane,Malegaon,2026-02-09,2026-02-09,0,20.0,12.4
1558,Ravalgaon,Malegaon,2026-02-09,2026-02-09,0,20.0,12.4
1559,Ronzane,Malegaon,2026-02-09,2026-02-09,0,20.0,12.4
1560,Ronze,Malegaon,2026-02-09,2026-02-09,0,20.0,12.4
1561,Sajwal,Malegaon,2026-02-09,2026-02-09,0,20.0,12.4
1562,Sakur,Malegaon,2026-02-09,2026-02-09,0,20.0,12.4
1563,Sakuri (Ni),Malegaon,2026-02-09,2026-02-09,0,20.0,12.4
1564,Satmanne,Malegaon,2026-02-09,2026-02-09,0,20.0,12.4
1565,Saundane,Malegaon,2026-02-09,2026-02-09,0,20.0,12.4
1566,Savatawadi,Malegaon,2026-02-09,2026-02-09,0,20.0,12.4
1567,Savkarwadi,Malegaon,2026-02-09,2026-02-09,0,20.0,12.4
1568,Sawandgaon,Malegaon,2026-02-09,2026-02-09,0,20.0,12.4
1569,Sayne (Kd),Malegaon,2026-02-09,2026-02-09,0,20.0,12.4
1570,Shendurni,Malegaon,2026-02-09,2026-02-09,0,20.0,12.4
1571,Sherul,Malegaon,2026-02-09,2026-02-09,0,20.0,12.4
1572,Shirsondi,Malegaon,2026-02-09,2026-02-09,0,20.0,12.4
1573,Sitane,Malegaon,2026-02-09,2026-02-09,0,20.0,12.4
1574,Sonaj,Malegaon,2026-02-09,2026-02-09,0,20.0,12.4
1575,Takali,Malegaon,2026-02-09,2026-02-09,0,20.0,12.4
1576,Talwade,Malegaon,2026-01-09,2026-01-09,0,5.0,1.2
1577,Tehare,Malegaon,2026-01-09,2026-01-09,0,5.0,1.2
1578,Tingri,Malegaon,2026-01-09,2026-01-09,0,5.0,1.2
1579,Tokade,Malegaon,2026-01-09,2026-01-09,0,5.0,1.2
1580,Umbarde,Malegaon,2026-01-09,2026-01-09,0,5.0,1.2
1581,Vadel,Malegaon,2026-01-09,2026-01-09,0,5.0,1.2
1582,Vadgaon,Malegaon,2026-01-09,2026-01-09,0,5.0,1.2
1583,Vadner,Malegaon,2026-01-09,2026-01-09,0,5.0,1.2
1584,Vajirkhede,Malegaon,2026-01-09,2026-01-09,0,5.0,1.2
1585,Valwade,Malegaon,2026-01-09,2026-01-09,0,5.0,1.2
1586,Valwadi,Malegaon,2026-01-09,2026-01-09,0,5.0,1.2
1587,Vanpat,Malegaon,2026-01-09,2026-01-09,0,5.0,1.2
1588,Varahane,Malegaon,2026-01-09,2026-01-09,0,5.0,1.2
1589,Virane,Malegaon,2026-01-09,2026-01-09,0,5.0,1.2
1590,Wake,Malegaon,2026-01-09,2026-01-09,0,5.0,1.2
1591,Yesgaon (Bk),Malegaon,2026-01-09,2026-01-09,0,5.0,1.2
1592,Yesgaon (Kd),Malegaon,2026-01-09,2026-01-09,0,5.0,1.2
1593,Zadi,Malegaon,2026-01-09,2026-01-09,0,5.0,1.2
1594,Zodage,Malegaon,2026-01-09,2026-01-09,0,5.0,1.2
1595,Amode,Nandgaon,2026-01-09,2026-01-09,0,5.0,1.2
1596,Anakwade,Nandgaon,2026-01-09,2026-01-09,0,5.0,1.2
1597,Astgaon,Nandgaon,2026-01-09,2026-01-09,0,5.0,1.2
1598,Babhulwadi,Nandgaon,2026-01-09,2026-01-09,0,5.0,1.2
1599,Bangaon Bk.,Nandgaon,2026-01-09,2026-01-09,0,5.0,1.2
1600,Bangaon Kh.,Nandgaon,2026-01-09,2026-01-09,0,5.0,1.2
1601,Bejgaon,Nandgaon,2026-04-09,2026-04-09,0,15.0,2.5
1602,Bhalur,Nandgaon,2026-04-09,2026-04-09,0,15.0,2.5
1603,Bhardi,Nandgaon,2026-04-09,2026-04-09,0,15.0,2.5
1604,Bhauri,Nandgaon,2026-04-09,2026-04-09,0,15.0,2.5
1605,Birole,Nandgaon,2026-04-09,2026-04-09,0,15.0,2.5
1606,Bolthan,Nandgaon,2026-04-09,2026-04-09,0,15.0,2.5
1607,Borale,Nandgaon,2026-04-09,2026-04-09,0,15.0,2.5
1608,Boygaon,Nandgaon,2026-04-09,2026-04-09,0,15.0,2.5
1609,Chandore,Nandgaon,2026-04-09,2026-04-09,0,15.0,2.5
1610,Chinchvihir,Nandgaon,2026-04-09,2026-04-09,0,15.0,2.5
1611,Dahegaon,Nandgaon,2026-04-09,2026-04-09,0,15.0,2.5
1612,Darhel,Nandgaon,2026-04-09,2026-04-09,0,15.0,2.5
1613,Dhaner,Nandgaon,2026-04-09,2026-04-09,0,15.0,2.5
1614,Dheku Kd.,Nandgaon,2026-04-09,2026-04-09,0,15.0,2.5
1615,Dhotane Bk.,Nandgaon,2026-04-09,2026-04-09,0,15.0,2.5
1616,Dhotane Kh.,Nandgaon,2026-04-09,2026-04-09,0,15.0,2.5
1617,Ekawai,Nandgaon,2026-04-09,2026-04-09,0,15.0,2.5
1618,Fulenagar,Nandgaon,2026-04-09,2026-04-09,0,15.0,2.5
1619,Gangadhari,Nandgaon,2026-04-09,2026-04-09,0,15.0,2.5
1620,Girnanagar,Nandgaon,2026-04-09,2026-04-09,0,15.0,2.5
1621,Gondegaon,Nandgaon,2026-04-09,2026-04-09,0,15.0,2.5
1622,Higane Dehare,Nandgaon,2026-04-09,2026-04-09,0,15.0,2.5
1623,Hinganwadi,Nandgaon,2026-04-09,2026-04-09,0,15.0,2.5
1624,Hirenagar,Nandgaon,2026-04-09,2026-04-09,0,15.0,2.5
1625,Hiswal Bk.,Nandgaon,2026-04-09,2026-04-09,0,15.0,2.5
1626,Hiswal Kh.,Nandgaon,2026-03-09,2026-03-09,0,10.0,2.8
1627,Jalgaon Bk.,Nandgaon,2026-03-09,2026-03-09,0,10.0,2.8
1628,Jalgaon Kh.,Nandgaon,2026-03-09,2026-03-09,0,10.0,2.8
1629,Jamdhri,Nandgaon,2026-03-09,2026-03-09,0,10.0,2.8
1630,Jategaon,Nandgaon,2026-03-09,2026-03-09,0,10.0,2.8
1631,Jawalki,Nandgaon,2026-03-09,2026-03-09,0,10.0,2.8
1632,Kalamdari,Nandgaon,2026-03-09,2026-03-09,0,10.0,2.8
1633,Karhi,Nandgaon,2026-03-09,2026-03-09,0,10.0,2.8
1634,Kasabkheda,Nandgaon,2026-03-09,2026-03-09,0,10.0,2.8
1635,Kasari,Nandgaon,2026-03-09,2026-03-09,0,10.0,2.8
1636,Khadgaon,Nandgaon,2026-03-09,2026-03-09,0,10.0,2.8
1637,Khirdi Patode,Nandgaon,2026-03-09,2026-03-09,0,10.0,2.8
1638,Kondhar,Nandgaon,2026-03-09,2026-03-09,0,10.0,2.8
1639,Krantinagar,Nandgaon,2026-03-09,2026-03-09,0,10.0,2.8
1640,Kusumtel,Nandgaon,2026-03-09,2026-03-09,0,10.0,2.8
1641,Laxminagar,Nandgaon,2026-03-09,2026-03-09,0,10.0,2.8
1642,Lodhare,Nandgaon,2026-03-09,2026-03-09,0,10.0,2.8
1643,Lohshingve,Nandgaon,2026-03-09,2026-03-09,0,10.0,2.8
1644,Malegaon (K),Nandgaon,2026-03-09,2026-03-09,0,10.0,2.8
1645,Malgaon,Nandgaon,2026-03-09,2026-03-09,0,10.0,2.8
1646,Malharwadi,Nandgaon,2026-03-09,2026-03-09,0,10.0,2.8
1647,Mandwad,Nandgaon,2026-03-09,2026-03-09,0,10.0,2.8
1648,Manglane,Nandgaon,2026-03-09,2026-03-09,0,10.0,2.8
1649,Manikpunj,Nandgaon,2026-03-09,2026-03-09,0,10.0,2.8
1650,Mohegaon,Nandgaon,2026-03-09,2026-03-09,0,10.0,2.8
1651,Morzar,Nandgaon,2026-02-09,2026-02-09,0,20.0,12.4
1652,Muldongri,Nandgaon,2026-02-09,2026-02-09,0,20.0,12.4
1653,Nagapur,Nandgaon,2026-02-09,2026-02-09,0,20.0,12.4
1654,Nandur,Nandgaon,2026-02-09,2026-02-09,0,20.0,12.4
1655,Navsari,Nandgaon,2026-02-09,2026-02-09,0,20.0,12.4
1656,Naydongri,Nandgaon,2026-02-09,2026-02-09,0,20.0,12.4
1657,New Panzan,Nandgaon,2026-02-09,2026-02-09,0,20.0,12.4
1658,Palashi,Nandgaon,2026-02-09,2026-02-09,0,20.0,12.4
1659,Panewadi,Nandgaon,2026-02-09,2026-02-09,0,20.0,12.4
1660,Panzandev,Nandgaon,2026-02-09,2026-02-09,0,20.0,12.4
1661,Pardhadi,Nandgaon,2026-02-09,2026-02-09,0,20.0,12.4
1662,Pimparkhed,Nandgaon,2026-02-09,2026-02-09,0,20.0,12.4
1663,Pimprale,Nandgaon,2026-02-09,2026-02-09,0,20.0,12.4
1664,Pimprihaveli,Nandgaon,2026-02-09,2026-02-09,0,20.0,12.4
1665,Pokhari Patode,Nandgaon,2026-02-09,2026-02-09,0,20.0,12.4
1666,Rankheda,Nandgaon,2026-02-09,2026-02-09,0,20.0,12.4
1667,Rohile (Bk),Nandgaon,2026-02-09,2026-02-09,0,20.0,12.4
1668,Sakora,Nandgaon,2026-02-09,2026-02-09,0,20.0,12.4
1669,Satane,Nandgaon,2026-02-09,2026-02-09,0,20.0,12.4
1670,Sawargaon,Nandgaon,2026-02-09,2026-02-09,0,20.0,12.4
1671,Shashrinagar,Nandgaon,2026-02-09,2026-02-09,0,20.0,12.4
1672,Shriramnagar,Nandgaon,2026-02-09,2026-02-09,0,20.0,12.4
1673,Soyegaon,Nandgaon,2026-02-09,2026-02-09,0,20.0,12.4
1674,Takali Bk.,Nandgaon,2026-02-09,2026-02-09,0,20.0,12.4
1675,Takali Kh.,Nandgaon,2026-02-09,2026-02-09,0,20.0,12.4
1676,Talwade,Nandgaon,2026-01-09,2026-01-09,0,5.0,1.2
1677,Tandulwadi,Nandgaon,2026-01-09,2026-01-09,0,5.0,1.2
1678,Vahelgaon,Nandgaon,2026-01-09,2026-01-09,0,5.0,1.2
1679,Vanjarwadi,Nandgaon,2026-01-09,2026-01-09,0,5.0,1.2
1680,Wadali Bk.,Nandgaon,2026-01-09,2026-01-09,0,5.0,1.2
1681,Wadali Kh.,Nandgaon,2026-01-09,2026-01-09,0,5.0,1.2
1682,Wakhari,Nandgaon,2026-01-09,2026-01-09,0,5.0,1.2
1683,Ambebahula,Nashik,2026-01-09,2026-01-09,0,5.0,3.5
1684,Belatgavhan,Nashik,2026-01-09,2026-01-09,0,5.0,3.5
1685,Belgaon Dhaga,Nashik,2026-01-09,2026-01-09,0,5.0,3.5
1686,Chandgiri,Nashik,2026-01-09,2026-01-09,0,5.0,3.5
1687,Chandshi,Nashik,2026-01-09,2026-01-09,0,5.0,3.5
1688,Dahegaon,Nashik,2026-01-09,2026-01-09,0,5.0,3.5
1689,Dari,Nashik,2026-01-09,2026-01-09,0,5.0,3.5
1690,Devargaon,Nashik,2026-01-09,2026-01-09,0,5.0,3.5
1691,Dhondegaon,Nashik,2026-01-09,2026-01-09,0,5.0,3.5
1692,Donwade,Nashik,2026-01-09,2026-01-09,0,5.0,3.5
1693,Dudgaon,Nashik,2026-01-09,2026-01-09,0,5.0,3.5
1694,Dugaon,Nashik,2026-01-09,2026-01-09,0,5.0,3.5
1695,Eklahare,Nashik,2026-01-09,2026-01-09,0,5.0,3.5
1696,Ganeshgaon N.,Nashik,2026-01-09,2026-01-09,0,5.0,3.5
1697,Ganeshgaon T.,Nashik,2026-01-09,2026-01-09,0,5.0,3.5
1698,Gangamhalungi,Nashik,2026-01-09,2026-01-09,0,5.0,3.5
1699,Gangavarhe,Nashik,2026-01-09,2026-01-09,0,5.0,3.5
1700,Gaulane,Nashik,2026-01-09,2026-01-09,0,5.0,3.5
1701,Girnare,Nashik,2026-04-09,2026-04-09,0,10.0,4.0
1702,Govardhan,Nashik,2026-04-09,2026-04-09,0,10.0,4.0
1703,Hinganwedhe,Nashik,2026-04-09,2026-04-09,0,10.0,4.0
1704,Indira Nagar,Nashik,2026-04-09,2026-04-09,0,10.0,4.0
1705,Jakhori,Nashik,2026-04-09,2026-04-09,0,10.0,4.0
1706,Jalalpur,Nashik,2026-04-09,2026-04-09,0,10.0,4.0
1707,Jategaon,Nashik,2026-04-09,2026-04-09,0,10.0,4.0
1708,Kalavi,Nashik,2026-04-09,2026-04-09,0,10.0,4.0
1709,Kotamgaon,Nashik,2026-04-09,2026-04-09,0,10.0,4.0
1710,Ladchi,Nashik,2026-04-09,2026-04-09,0,10.0,4.0
1711,Lahvit,Nashik,2026-04-09,2026-04-09,0,10.0,4.0
1712,Lakhalgaon,Nashik,2026-04-09,2026-04-09,0,10.0,4.0
1713,Lohshingve,Nashik,2026-04-09,2026-04-09,0,10.0,4.0
1714,Madsangvi,Nashik,2026-04-09,2026-04-09,0,10.0,4.0
1715,Mahadeopur,Nashik,2026-04-09,2026-04-09,0,10.0,4.0
1716,Mahirawani,Nashik,2026-04-09,2026-04-09,0,10.0,4.0
1717,Matori,Nashik,2026-04-09,2026-04-09,0,10.0,4.0
1718,Mohagaon,Nashik,2026-04-09,2026-04-09,0,10.0,4.0
1719,Mungsara,Nashik,2026-04-09,2026-04-09,0,10.0,4.0
1720,Nagalwadi,Nashik,2026-04-09,2026-04-09,0,10.0,4.0
1721,Naikwadi,Nashik,2026-04-09,2026-04-09,0,10.0,4.0
1722,Nanegaon,Nashik,2026-04-09,2026-04-09,0,10.0,4.0
1723,Odha,Nashik,2026-04-09,2026-04-09,0,10.0,4.0
1724,Ozerkhede,Nashik,2026-04-09,2026-04-09,0,10.0,4.0
1725,Palse,Nashik,2026-04-09,2026-04-09,0,10.0,4.0
1726,Pimpalgaon,Nashik,2026-03-09,2026-03-09,0,5.0,2.8
1727,Pimplad N.,Nashik,2026-03-09,2026-03-09,0,5.0,2.8
1728,Pimpri Sayyad,Nashik,2026-03-09,2026-03-09,0,5.0,2.8
1729,Rahuri,Nashik,2026-03-09,2026-03-09,0,5.0,2.8
1730,Raigadnagar,Nashik,2026-03-09,2026-03-09,0,5.0,2.8
1731,Rajewadi,Nashik,2026-03-09,2026-03-09,0,5.0,2.8
1732,Rajur Bahula,Nashik,2026-03-09,2026-03-09,0,5.0,2.8
1733,Sadgaon,Nashik,2026-03-09,2026-03-09,0,5.0,2.8
1734,Samangaon,Nashik,2026-03-09,2026-03-09,0,5.0,2.8
1735,Sansari,Nashik,2026-03-09,2026-03-09,0,5.0,2.8
1736,Sarul,Nashik,2026-03-09,2026-03-09,0,5.0,2.8
1737,Shewge Darna,Nashik,2026-03-09,2026-03-09,0,5.0,2.8
1738,Shilapur,Nashik,2026-03-09,2026-03-09,0,5.0,2.8
1739,Shinde,Nashik,2026-03-09,2026-03-09,0,5.0,2.8
1740,Shivagaon,Nashik,2026-03-09,2026-03-09,0,5.0,2.8
1741,Subhashnagar,Nashik,2026-03-09,2026-03-09,0,5.0,2.8
1742,Talegaon Anjaneri,Nashik,2026-03-09,2026-03-09,0,5.0,2.8
1743,Tridshet,Nashik,2026-03-09,2026-03-09,0,5.0,2.8
1744,Vadgaon,Nashik,2026-03-09,2026-03-09,0,5.0,2.8
1745,Vanjarwadi,Nashik,2026-03-09,2026-03-09,0,5.0,2.8
1746,Vilholi,Nashik,2026-03-09,2026-03-09,0,5.0,2.8
1747,Ahergaon,Niphad,2026-03-09,2026-03-09,0,5.0,2.8
1748,Antwerli,Niphad,2026-03-09,2026-03-09,0,5.0,2.8
1749,Aurangpur,Niphad,2026-03-09,2026-03-09,0,5.0,2.8
1750,Berwadi (Ramnagar),Niphad,2026-03-09,2026-03-09,0,5.0,2.8
1751,Bharvas,Niphad,2026-02-09,2026-02-09,0,15.0,15.0
1752,Bhed,Niphad,2026-02-09,2026-02-09,0,15.0,15.0
1753,Bhendali,Niphad,2026-02-09,2026-02-09,0,15.0,15.0
1754,Bhuse,Niphad,2026-02-09,2026-02-09,0,15.0,15.0
1755,Bokadadare,Niphad,2026-02-09,2026-02-09,0,15.0,15.0
1756,Bramhangaon (Vanas),Niphad,2026-02-09,2026-02-09,0,15.0,15.0
1757,Bramhangaon Vinchor,Niphad,2026-02-09,2026-02-09,0,15.0,15.0
1758,Chandori,Niphad,2026-02-09,2026-02-09,0,15.0,15.0
1759,Chappadgaon,Niphad,2026-02-09,2026-02-09,0,15.0,15.0
1760,Chatori,Niphad,2026-02-09,2026-02-09,0,15.0,15.0
1761,Chitegaon,Niphad,2026-02-09,2026-02-09,0,15.0,15.0
1762,Darana Sangvi,Niphad,2026-02-09,2026-02-09,0,15.0,15.0
1763,Datyan,Niphad,2026-02-09,2026-02-09,0,15.0,15.0
1764,Dawachwadi,Niphad,2026-02-09,2026-02-09,0,15.0,15.0
1765,Deogaon,Niphad,2026-02-09,2026-02-09,0,15.0,15.0
1766,Deopur,Niphad,2026-02-09,2026-02-09,0,15.0,15.0
1767,Dharangaon Khadak,Niphad,2026-02-09,2026-02-09,0,15.0,15.0
1768,Dharangaon Veer,Niphad,2026-02-09,2026-02-09,0,15.0,15.0
1769,Dindori,Niphad,2026-02-09,2026-02-09,0,15.0,15.0
1770,DIXI,Niphad,2026-02-09,2026-02-09,0,15.0,15.0
1771,Dongargaon,Niphad,2026-02-09,2026-02-09,0,15.0,15.0
1772,Gajarwadi,Niphad,2026-02-09,2026-02-09,0,15.0,15.0
1773,Godegaon,Niphad,2026-02-09,2026-02-09,0,15.0,15.0
1774,Gondegaon,Niphad,2026-02-09,2026-02-09,0,15.0,15.0
1775,Gorthan,Niphad,2026-02-09,2026-02-09,0,15.0,15.0
1776,Grampanchayat Varhedarana,Niphad,2026-01-09,2026-01-09,0,10.0,7.5
1777,Hanumannagar,Niphad,2026-01-09,2026-01-09,0,10.0,7.5
1778,Jalgaon,Niphad,2026-01-09,2026-01-09,0,10.0,7.5
1779,Jiwahle,Niphad,2026-01-09,2026-01-09,0,10.0,7.5
1780,Kanlad,Niphad,2026-01-09,2026-01-09,0,10.0,7.5
1781,Karanjgaon,Niphad,2026-01-09,2026-01-09,0,10.0,7.5
1782,Karanj Kd.,Niphad,2026-01-09,2026-01-09,0,10.0,7.5
1783,Karsul,Niphad,2026-01-09,2026-01-09,0,10.0,7.5
1784,Kathargaon,Niphad,2026-01-09,2026-01-09,0,10.0,7.5
1785,Khadakmalegaon,Niphad,2026-01-09,2026-01-09,0,10.0,7.5
1786,Khangaon Tadi,Niphad,2026-01-09,2026-01-09,0,10.0,7.5
1787,Khede,Niphad,2026-01-09,2026-01-09,0,10.0,7.5
1788,Khedle Zunge,Niphad,2026-01-09,2026-01-09,0,10.0,7.5
1789,Kherwadi (Narayangaon),Niphad,2026-01-09,2026-01-09,0,10.0,7.5
1790,Kokangaon,Niphad,2026-01-09,2026-01-09,0,10.0,7.5
1791,Kolgaon,Niphad,2026-01-09,2026-01-09,0,10.0,7.5
1792,Kolwadi (Shriramnagar),Niphad,2026-01-09,2026-01-09,0,10.0,7.5
1793,Kotamgaon,Niphad,2026-01-09,2026-01-09,0,10.0,7.5
1794,Kothure,Niphad,2026-01-09,2026-01-09,0,10.0,7.5
1795,K.Sukane,Niphad,2026-01-09,2026-01-09,0,10.0,7.5
1796,Kumbhari,Niphad,2026-01-09,2026-01-09,0,10.0,7.5
1797,Kundewadi,Niphad,2026-01-09,2026-01-09,0,10.0,7.5
1798,Kundewadi,Niphad,2026-01-09,2026-01-09,0,10.0,7.5
1799,Kundewadi,Niphad,2026-01-09,2026-01-09,0,10.0,7.5
1800,Kundewadi,Niphad,2026-01-09,2026-01-09,0,10.0,7.5
1801,Kurudgaon,Niphad,2026-05-09,2026-05-09,0,5.0,2.5
1802,Lalpadi,Niphad,2026-05-09,2026-05-09,0,5.0,2.5
1803,Lasalgaon,Niphad,2026-05-09,2026-05-09,0,5.0,2.8
1804,Lonwadee,Niphad,2026-05-09,2026-05-09,0,5.0,2.5
1805,Mahajanpur,Niphad,2026-05-09,2026-05-09,0,5.0,2.5
1806,Mahalsakore,Niphad,2026-05-09,2026-05-09,0,5.0,2.5
1807,Manjargaon,Niphad,2026-05-09,2026-05-09,0,5.0,2.5
1808,Maralgoi Bk,Niphad,2026-05-09,2026-05-09,0,5.0,2.5
1809,Maralgoi Kd,Niphad,2026-05-09,2026-05-09,0,5.0,2.5
1810,M.Sukane,Niphad,2026-05-09,2026-05-09,0,5.0,2.5
1811,Mukhed,Niphad,2026-05-09,2026-05-09,0,5.0,2.5
1812,Naitale,Niphad,2026-05-09,2026-05-09,0,5.0,2.5
1813,Nandgaon,Niphad,2026-05-09,2026-05-09,0,5.0,1.2
1814,Nandurdi,Niphad,2026-05-09,2026-05-09,0,5.0,2.5
1815,Nandur Kd,Niphad,2026-05-09,2026-05-09,0,5.0,2.5
1816,Nandur M.,Niphad,2026-05-09,2026-05-09,0,5.0,2.5
1817,Narayan T.,Niphad,2026-05-09,2026-05-09,0,5.0,3.5
1818,Nimgaon V.,Niphad,2026-05-09,2026-05-09,0,5.0,1.2
1819,Oney,Niphad,2026-05-09,2026-05-09,0,5.0,2.8
1820,Pachore Bk,Niphad,2026-05-09,2026-05-09,0,5.0,2.5
1821,Pachore Kd,Niphad,2026-05-09,2026-05-09,0,5.0,2.5
1822,Pachore Vani,Niphad,2026-05-09,2026-05-09,0,5.0,2.5
1823,Palkhed,Niphad,2026-05-09,2026-05-09,0,5.0,2.5
1824,Panchakeshor,Niphad,2026-05-09,2026-05-09,0,5.0,3.5
1825,Pimpalgaon Najik,Niphad,2026-05-09,2026-05-09,0,5.0,2.5
1826,Pimpalgaon Nipani,Niphad,2026-04-09,2026-04-09,0,10.0,4.0
1827,Pimplas,Niphad,2026-04-09,2026-04-09,0,10.0,4.0
1828,Pimpri,Niphad,2026-04-09,2026-04-09,0,10.0,4.0
1829,Ranwad,Niphad,2026-04-09,2026-04-09,0,10.0,4.0
1830,Rasalpur,Niphad,2026-04-09,2026-04-09,0,10.0,4.0
1831,Raulas,Niphad,2026-04-09,2026-04-09,0,10.0,4.0
1832,Redgaon,Niphad,2026-04-09,2026-04-09,0,10.0,4.0
1833,Rui,Niphad,2026-04-09,2026-04-09,0,10.0,4.0
1834,Saikheda,Niphad,2026-04-09,2026-04-09,0,10.0,4.0
1835,Sakore,Niphad,2026-04-09,2026-04-09,0,10.0,4.0
1836,Sarole Kd.,Niphad,2026-04-09,2026-04-09,0,10.0,4.0
1837,Sarole Thadi,Niphad,2026-04-09,2026-04-09,0,10.0,4.0
1838,Savargaon,Niphad,2026-04-09,2026-04-09,0,10.0,4.0
1839,Shimpi Takli,Niphad,2026-04-09,2026-04-09,0,10.0,4.0
1840,Shingve,Niphad,2026-04-09,2026-04-09,0,10.0,4.0
1841,Shirasgaon,Niphad,2026-04-09,2026-04-09,0,10.0,12.2
1842,Shirvare,Niphad,2026-04-09,2026-04-09,0,10.0,4.0
1843,Shirwade Vani,Niphad,2026-04-09,2026-04-09,0,10.0,4.0
1844,Shirwade Wakad,Niphad,2026-04-09,2026-04-09,0,10.0,4.0
1845,Shivadi,Niphad,2026-04-09,2026-04-09,0,10.0,4.0
1846,Sonewadi Bk,Niphad,2026-04-09,2026-04-09,0,10.0,4.0
1847,Sonewadi Kd,Niphad,2026-04-09,2026-04-09,0,10.0,4.0
1848,Songaon,Niphad,2026-04-09,2026-04-09,0,10.0,4.0
1849,Subhasnagar,Niphad,2026-04-09,2026-04-09,0,10.0,4.0
1850,Sundarpur,Niphad,2026-04-09,2026-04-09,0,10.0,4.0
1851,Takali Vinchor,Niphad,2026-03-09,2026-03-09,0,5.0,1.2
1852,Talwade,Niphad,2026-03-09,2026-03-09,0,5.0,2.8
1853,Tamaswadi,Niphad,2026-03-09,2026-03-09,0,5.0,1.2
1854,Tarukhedle,Niphad,2026-03-09,2026-03-09,0,5.0,1.2
1855,Thergaon,Niphad,2026-03-09,2026-03-09,0,5.0,1.2
1856,Thetale,Niphad,2026-03-09,2026-03-09,0,5.0,1.2
1857,Ugaon,Niphad,2026-03-09,2026-03-09,0,5.0,1.2
1858,Umberkhed,Niphad,2026-03-09,2026-03-09,0,5.0,1.2
1859,Vahegaon,Niphad,2026-03-09,2026-03-09,0,5.0,1.2
1860,Vakad,Niphad,2026-03-09,2026-03-09,0,5.0,1.2
1861,Vanasgaon,Niphad,2026-03-09,2026-03-09,0,5.0,1.2
1862,Vdali Najik,Niphad,2026-03-09,2026-03-09,0,5.0,1.2
1863,Velapur,Niphad,2026-03-09,2026-03-09,0,5.0,1.2
1864,Vinchur,Niphad,2026-03-09,2026-03-09,0,5.0,1.2
1865,Vishnunagar,Niphad,2026-03-09,2026-03-09,0,5.0,1.2
1866,Wavi,Niphad,2026-03-09,2026-03-09,0,5.0,0.8
1867,Aad (B),Peth,2026-03-09,2026-03-09,0,5.0,8.5
1868,Adgaon (B),Peth,2026-03-09,2026-03-09,0,5.0,8.5
1869,Ambe,Peth,2026-03-09,2026-03-09,0,5.0,8.5
1870,Amloan,Peth,2026-03-09,2026-03-09,0,5.0,8.5
1871,Andhrute,Peth,2026-03-09,2026-03-09,0,5.0,8.5
1872,Asarbari,Peth,2026-03-09,2026-03-09,0,5.0,8.5
1873,Badgi,Peth,2026-03-09,2026-03-09,0,5.0,8.5
1874,Bhaygaon,Peth,2026-03-09,2026-03-09,0,5.0,8.5
1875,Bhuvan,Peth,2026-03-09,2026-03-09,0,5.0,8.5
1876,Borvat,Peth,2026-02-09,2026-02-09,0,8.0,5.6
1877,Cholmukh,Peth,2026-02-09,2026-02-09,0,8.0,5.6
1878,Deogaon,Peth,2026-02-09,2026-02-09,0,8.0,5.6
1879,Devichamal,Peth,2026-02-09,2026-02-09,0,8.0,5.6
1880,Dhanpada,Peth,2026-02-09,2026-02-09,0,8.0,5.6
1881,Dhondmal,Peth,2026-02-09,2026-02-09,0,8.0,5.6
1882,Dolharmal,Peth,2026-02-09,2026-02-09,0,8.0,5.6
1883,Donawade,Peth,2026-02-09,2026-02-09,0,8.0,5.6
1884,Ekdare,Peth,2026-02-09,2026-02-09,0,8.0,5.6
1885,Gangodbari,Peth,2026-02-09,2026-02-09,0,8.0,5.6
1886,Gavandha,Peth,2026-02-09,2026-02-09,0,8.0,5.6
1887,Ghanshet,Peth,2026-02-09,2026-02-09,0,8.0,5.6
1888,Gonde,Peth,2026-02-09,2026-02-09,0,8.0,5.6
1889,Hanumannager,Peth,2026-02-09,2026-02-09,0,8.0,5.6
1890,Hanumantpada,Peth,2026-02-09,2026-02-09,0,8.0,5.6
1891,Harangaon,Peth,2026-02-09,2026-02-09,0,8.0,5.6
1892,Hatrundi,Peth,2026-02-09,2026-02-09,0,8.0,5.6
1893,Jale,Peth,2026-02-09,2026-02-09,0,8.0,5.6
1894,Jambhulmal,Peth,2026-02-09,2026-02-09,0,8.0,5.6
1895,Jambvihir,Peth,2026-02-09,2026-02-09,0,8.0,5.6
1896,Jogmodi,Peth,2026-02-09,2026-02-09,0,8.0,5.6
1897,Junothi,Peth,2026-02-09,2026-02-09,0,8.0,5.6
1898,Kahandolpada,Peth,2026-02-09,2026-02-09,0,8.0,5.6
1899,Kalambari,Peth,2026-02-09,2026-02-09,0,8.0,5.6
1900,Kapurne,Peth,2026-02-09,2026-02-09,0,8.0,5.6
1901,Karanjali,Peth,2026-04-09,2026-04-09,0,15.0,12.4
1902,Karanjkhed,Peth,2026-04-09,2026-04-09,0,15.0,12.4
1903,Kayre,Peth,2026-04-09,2026-04-09,0,15.0,12.4
1904,Kharpadi,Peth,2026-04-09,2026-04-09,0,15.0,12.4
1905,Khirkide,Peth,2026-04-09,2026-04-09,0,15.0,12.4
1906,Khokartale,Peth,2026-04-09,2026-04-09,0,15.0,12.4
1907,Kohor,Peth,2026-04-09,2026-04-09,0,15.0,12.4
1908,Kopurli (B),Peth,2026-04-09,2026-04-09,0,15.0,12.4
1909,Kopurli (Kh),Peth,2026-04-09,2026-04-09,0,15.0,12.4
1910,Kotambi,Peth,2026-04-09,2026-04-09,0,15.0,12.4
1911,Kulwandi,Peth,2026-04-09,2026-04-09,0,15.0,12.4
1912,Kumbhale,Peth,2026-04-09,2026-04-09,0,15.0,12.4
1913,Kumbharbari,Peth,2026-04-09,2026-04-09,0,15.0,12.4
1914,Lingawane,Peth,2026-04-09,2026-04-09,0,15.0,12.4
1915,Malegaon,Peth,2026-04-09,2026-04-09,0,15.0,12.4
1916,Mangone,Peth,2026-04-09,2026-04-09,0,15.0,12.4
1917,Mankapur,Peth,2026-04-09,2026-04-09,0,15.0,12.4
1918,Mhasgan,Peth,2026-04-09,2026-04-09,0,15.0,12.4
1919,Nachalondhi,Peth,2026-04-09,2026-04-09,0,15.0,12.4
1920,Nirgude,Peth,2026-04-09,2026-04-09,0,15.0,12.4
1921,Pahuchibari,Peth,2026-04-09,2026-04-09,0,15.0,12.4
1922,Pate,Peth,2026-04-09,2026-04-09,0,15.0,12.4
1923,Pimpalwati,Peth,2026-04-09,2026-04-09,0,15.0,12.4
1924,Rajbari,Peth,2026-04-09,2026-04-09,0,15.0,12.4
1925,Ranvihir,Peth,2026-04-09,2026-04-09,0,15.0,12.4
1926,Ruipetha,Peth,2026-04-09,2026-04-09,0,15.0,12.4
1927,Savalghat,Peth,2026-04-09,2026-04-09,0,15.0,12.4
1928,Shevkhandi,Peth,2026-04-09,2026-04-09,0,15.0,12.4
1929,Shinde,Peth,2026-04-09,2026-04-09,0,15.0,12.4
1930,Shingadari,Peth,2026-04-09,2026-04-09,0,15.0,12.4
1931,Shivshet,Peth,2026-04-09,2026-04-09,0,15.0,12.4
1932,Surgane,Peth,2026-04-09,2026-04-09,0,15.0,12.4
1933,Tirde,Peth,2026-04-09,2026-04-09,0,15.0,12.4
1934,Tondwal,Peth,2026-04-09,2026-04-09,0,15.0,12.4
1935,Umbarpada (Kh),Peth,2026-04-09,2026-04-09,0,15.0,12.4
1936,Umberdahad,Peth,2026-04-09,2026-04-09,0,15.0,12.4
1937,Umbrad,Peth,2026-04-09,2026-04-09,0,15.0,12.4
1938,Usthale,Peth,2026-04-09,2026-04-09,0,15.0,12.4
1939,Wangani,Peth,2026-04-09,2026-04-09,0,15.0,12.4
1940,Adwadi,Sinnar,2026-04-09,2026-04-09,0,10.0,8.6
1941,Agaskhind,Sinnar,2026-04-09,2026-04-09,0,10.0,8.6
1942,Ashapur,Sinnar,2026-04-09,2026-04-09,0,10.0,8.6
1943,Atkawade,Sinnar,2026-04-09,2026-04-09,0,10.0,8.6
1944,Aundhewadi,Sinnar,2026-04-09,2026-04-09,0,10.0,8.6
1945,Baragaon Pimpri,Sinnar,2026-04-09,2026-04-09,0,10.0,8.6
1946,Belu,Sinnar,2026-04-09,2026-04-09,0,10.0,8.6
1947,Bharatpur,Sinnar,2026-04-09,2026-04-09,0,10.0,8.6
1948,Bhatwadi,Sinnar,2026-04-09,2026-04-09,0,10.0,8.6
1949,Bhokani,Sinnar,2026-04-09,2026-04-09,0,10.0,8.6
1950,Borkhind,Sinnar,2026-04-09,2026-04-09,0,10.0,8.6
1951,Bramhanwade,Sinnar,2026-04-09,2026-04-09,0,10.0,8.6
1952,Chandrapur Kh.,Sinnar,2026-04-09,2026-04-09,0,10.0,8.6
1953,Chapadgaon,Sinnar,2026-04-09,2026-04-09,0,10.0,8.6
1954,Chass,Sinnar,2026-04-09,2026-04-09,0,10.0,8.6
1955,Chincholi,Sinnar,2026-04-09,2026-04-09,0,10.0,8.6
1956,Chondhi,Sinnar,2026-04-09,2026-04-09,0,10.0,8.6
1957,Dahiwadi,Sinnar,2026-04-09,2026-04-09,0,10.0,8.6
1958,Dapur,Sinnar,2026-04-09,2026-04-09,0,10.0,8.6
1959,Datali,Sinnar,2026-04-09,2026-04-09,0,10.0,8.6
1960,Dattanagar (Dapur),Sinnar,2026-04-09,2026-04-09,0,10.0,8.6
1961,Deopur,Sinnar,2026-04-09,2026-04-09,0,10.0,8.6
1962,Deshwandi,Sinnar,2026-04-09,2026-04-09,0,10.0,8.6
1963,Dharangaon,Sinnar,2026-04-09,2026-04-09,0,10.0,8.6
1964,Dhondbar,Sinnar,2026-04-09,2026-04-09,0,10.0,8.6
1965,Dhondvirnagar,Sinnar,2026-04-09,2026-04-09,0,10.0,8.6
1966,Dhulwad,Sinnar,2026-04-09,2026-04-09,0,10.0,8.6
1967,Dodi Bk.,Sinnar,2026-04-09,2026-04-09,0,10.0,8.6
1968,Dodi Kh.,Sinnar,2026-04-09,2026-04-09,0,10.0,8.6
1969,Dubere,Sinnar,2026-04-09,2026-04-09,0,10.0,8.6
1970,Duberewadi (Krushnanagar),Sinnar,2026-04-09,2026-04-09,0,10.0,8.6
1971,Dusingpur,Sinnar,2026-04-09,2026-04-09,0,10.0,8.6
1972,Fulenagar,Sinnar,2026-04-09,2026-04-09,0,10.0,8.6
1973,Ghorwad,Sinnar,2026-04-09,2026-04-09,0,10.0,8.6
1974,Ghotewadi,Sinnar,2026-04-09,2026-04-09,0,10.0,8.6
1975,Gonde,Sinnar,2026-04-09,2026-04-09,0,10.0,8.6
1976,Gulwanchi,Sinnar,2026-04-09,2026-04-09,0,10.0,8.6
1977,Harsule,Sinnar,2026-04-09,2026-04-09,0,10.0,8.6
1978,Hivare,Sinnar,2026-04-09,2026-04-09,0,10.0,8.6
1979,Hivargaon,Sinnar,2026-04-09,2026-04-09,0,10.0,8.6
1980,Jamgaon,Sinnar,2026-04-09,2026-04-09,0,10.0,8.6
1981,Jaygaon,Sinnar,2026-04-09,2026-04-09,0,10.0,8.6
1982,Jogaltembhi,Sinnar,2026-04-09,2026-04-09,0,10.0,8.6
1983,Kankori,Sinnar,2026-04-09,2026-04-09,0,10.0,8.6
1984,Karwadi,Sinnar,2026-04-09,2026-04-09,0,10.0,8.6
1985,Kasarwadi,Sinnar,2026-04-09,2026-04-09,0,10.0,8.6
1986,Ke. Pa. Nagar,Sinnar,2026-04-09,2026-04-09,0,10.0,8.6
1987,Khadangali,Sinnar,2026-04-09,2026-04-09,0,10.0,8.6
1988,Khambale,Sinnar,2026-04-09,2026-04-09,0,10.0,8.6
1989,Khopadi Kh.,Sinnar,2026-04-09,2026-04-09,0,10.0,8.6
1990,Kirtangali,Sinnar,2026-04-09,2026-04-09,0,10.0,8.6
1991,Kolgaonmal,Sinnar,2026-04-09,2026-04-09,0,10.0,8.6
1992,Komalwadi,Sinnar,2026-04-09,2026-04-09,0,10.0,8.6
1993,Konambe,Sinnar,2026-04-09,2026-04-09,0,10.0,8.6
1994,Kundewadi,Sinnar,2026-04-09,2026-04-09,0,10.0,8.6
1995,Maldhon,Sinnar,2026-04-09,2026-04-09,0,10.0,8.6
1996,Malegaon,Sinnar,2026-04-09,2026-04-09,0,10.0,8.6
1997,Manegaon,Sinnar,2026-04-09,2026-04-09,0,10.0,8.6
1998,Manori,Sinnar,2026-04-09,2026-04-09,0,10.0,8.6
1999,Marhal Bk.,Sinnar,2026-04-09,2026-04-09,0,10.0,8.6
2000,Marhal Kh.,Sinnar,2026-04-09,2026-04-09,0,10.0,8.6
2001,Mendhi,Sinnar,2026-05-09,2026-05-09,0,5.0,4.2
2002,Mirgaon,Sinnar,2026-05-09,2026-05-09,0,5.0,4.2
2003,Mithsagare,Sinnar,2026-05-09,2026-05-09,0,5.0,4.2
2004,Mohu,Sinnar,2026-05-09,2026-05-09,0,5.0,4.2
2005,Musalgaon,Sinnar,2026-05-09,2026-05-09,0,5.0,4.2
2006,Naigaon,Sinnar,2026-05-09,2026-05-09,0,5.0,4.2
2007,Nalwadi,Sinnar,2026-05-09,2026-05-09,0,5.0,4.2
2008,Nandur Shingote,Sinnar,2026-05-09,2026-05-09,0,5.0,4.2
2009,Nimgaon (Deopur),Sinnar,2026-05-09,2026-05-09,0,5.0,4.2
2010,Nimgaon (Sinnar),Sinnar,2026-05-09,2026-05-09,0,5.0,4.2
2011,Nirhale Fattepur,Sinnar,2026-05-09,2026-05-09,0,5.0,4.2
2012,Padali,Sinnar,2026-05-09,2026-05-09,0,5.0,4.2
2013,Panchale,Sinnar,2026-05-09,2026-05-09,0,5.0,4.2
2014,Pandhurli,Sinnar,2026-05-09,2026-05-09,0,5.0,4.2
2015,Pangari Bk.,Sinnar,2026-05-09,2026-05-09,0,5.0,4.2
2016,Pangari Kh.,Sinnar,2026-05-09,2026-05-09,0,5.0,4.2
2017,Paste,Sinnar,2026-05-09,2026-05-09,0,5.0,4.2
2018,Pathare Bk.,Sinnar,2026-05-09,2026-05-09,0,5.0,4.2
2019,Pathare Kh.,Sinnar,2026-05-09,2026-05-09,0,5.0,4.2
2020,Patole,Sinnar,2026-05-09,2026-05-09,0,5.0,4.2
2021,Patpimpri,Sinnar,2026-05-09,2026-05-09,0,5.0,4.2
2022,Phardapur,Sinnar,2026-05-09,2026-05-09,0,5.0,4.2
2023,Pimpale,Sinnar,2026-05-09,2026-05-09,0,5.0,4.2
2024,Pimpalgaon,Sinnar,2026-05-09,2026-05-09,0,5.0,4.2
2025,Pimparwadi,Sinnar,2026-05-09,2026-05-09,0,5.0,4.2
2026,Ramnagar,Sinnar,2026-05-09,2026-05-09,0,5.0,4.2
2027,Rampur,Sinnar,2026-05-09,2026-05-09,0,5.0,4.2
2028,Sangavi,Sinnar,2026-05-09,2026-05-09,0,5.0,4.2
2029,Saradwadi,Sinnar,2026-05-09,2026-05-09,0,5.0,4.2
2030,Savatamali Nagar,Sinnar,2026-05-09,2026-05-09,0,5.0,4.2
2031,Sayale,Sinnar,2026-05-09,2026-05-09,0,5.0,4.2
2032,Shaha,Sinnar,2026-05-09,2026-05-09,0,5.0,4.2
2033,Shastrinagar,Sinnar,2026-05-09,2026-05-09,0,5.0,4.2
2034,Shivade,Sinnar,2026-05-09,2026-05-09,0,5.0,4.2
2035,Shivaji Nagar (Dapur),Sinnar,2026-05-09,2026-05-09,0,5.0,4.2
2036,Shivajinagar (Kahandalwadi),Sinnar,2026-05-09,2026-05-09,0,5.0,4.2
2037,Shrirampur (Shindewadi),Sinnar,2026-05-09,2026-05-09,0,5.0,4.2
2038,Somthane,Sinnar,2026-05-09,2026-05-09,0,5.0,4.2
2039,Sonambe,Sinnar,2026-05-09,2026-05-09,0,5.0,4.2
2040,Sonari,Sinnar,2026-05-09,2026-05-09,0,5.0,4.2
2041,Sonewadi,Sinnar,2026-05-09,2026-05-09,0,5.0,4.2
2042,Songiri,Sinnar,2026-05-09,2026-05-09,0,5.0,4.2
2043,Sulewadi,Sinnar,2026-05-09,2026-05-09,0,5.0,4.2
2044,Suregaon,Sinnar,2026-05-09,2026-05-09,0,5.0,4.2
2045,Thangaon,Sinnar,2026-05-09,2026-05-09,0,5.0,4.2
2046,Ujjani,Sinnar,2026-05-09,2026-05-09,0,5.0,4.2
2047,Vadangali,Sinnar,2026-05-09,2026-05-09,0,5.0,4.2
2048,Vadgaon (Pingala),Sinnar,2026-05-09,2026-05-09,0,5.0,4.2
2049,Vadgaon (Sinnar),Sinnar,2026-05-09,2026-05-09,0,5.0,4.2
2050,Vadzire,Sinnar,2026-05-09,2026-05-09,0,5.0,4.2
2051,Varegaon,Sinnar,2026-05-09,2026-05-09,0,5.0,4.2
2052,Vinchur Dalavi,Sinnar,2026-05-09,2026-05-09,0,5.0,4.2
2053,Wavi,Sinnar,2026-05-09,2026-05-09,0,5.0,4.2
2054,Alangun,Surgana,2026-05-09,2026-05-09,0,15.0,12.8
2055,Ambatha,Surgana,2026-05-09,2026-05-09,0,15.0,12.8
2056,Ambode,Surgana,2026-05-09,2026-05-09,0,15.0,12.8
2057,Barhe,Surgana,2026-05-09,2026-05-09,0,15.0,12.8
2058,Bedase,Surgana,2026-05-09,2026-05-09,0,15.0,12.8
2059,Bhadar,Surgana,2026-05-09,2026-05-09,0,15.0,12.8
2060,Bhavandagad,Surgana,2026-05-09,2026-05-09,0,15.0,12.8
2061,Bhawade,Surgana,2026-05-09,2026-05-09,0,15.0,12.8
2062,Bhormal,Surgana,2026-05-09,2026-05-09,0,15.0,12.8
2063,Biwal,Surgana,2026-05-09,2026-05-09,0,15.0,12.8
2064,Borgaon,Surgana,2026-05-09,2026-05-09,0,15.0,12.8
2065,Bubali,Surgana,2026-05-09,2026-05-09,0,15.0,12.8
2066,Chikadi,Surgana,2026-05-09,2026-05-09,0,15.0,12.8
2067,Chinchpada,Surgana,2026-05-09,2026-05-09,0,15.0,12.8
2068,Dangrale,Surgana,2026-05-09,2026-05-09,0,15.0,12.8
2069,Dolhare,Surgana,2026-05-09,2026-05-09,0,15.0,12.8
2070,Ghodambe,Surgana,2026-05-09,2026-05-09,0,15.0,12.8
2071,Gondune,Surgana,2026-05-09,2026-05-09,0,15.0,12.8
2072,Harantekdi,Surgana,2026-05-09,2026-05-09,0,15.0,12.8
2073,Haste,Surgana,2026-05-09,2026-05-09,0,15.0,12.8
2074,Hatgad,Surgana,2026-05-09,2026-05-09,0,15.0,12.8
2075,Hatrundi,Surgana,2026-05-09,2026-05-09,0,15.0,12.8
2076,Hatti,Surgana,2026-05-09,2026-05-09,0,15.0,12.8
2077,Hemadpada,Surgana,2026-05-09,2026-05-09,0,15.0,12.8
2078,Jahule,Surgana,2026-05-09,2026-05-09,0,15.0,12.8
2079,Kalamne,Surgana,2026-05-09,2026-05-09,0,15.0,12.8
2080,Karanjul Su,Surgana,2026-05-09,2026-05-09,0,15.0,12.8
2081,Kathipada,Surgana,2026-05-09,2026-05-09,0,15.0,12.8
2082,Khirdi,Surgana,2026-05-09,2026-05-09,0,15.0,12.8
2083,Khobalama,Surgana,2026-05-09,2026-05-09,0,15.0,12.8
2084,Khokari,Surgana,2026-05-09,2026-05-09,0,15.0,12.8
2085,Khuntvihir,Surgana,2026-05-09,2026-05-09,0,15.0,12.8
2086,Kothula,Surgana,2026-05-09,2026-05-09,0,15.0,12.8
2087,Kukudmundha,Surgana,2026-05-09,2026-05-09,0,15.0,12.8
2088,Kukudne,Surgana,2026-05-09,2026-05-09,0,15.0,12.8
2089,Ladgaon,Surgana,2026-05-09,2026-05-09,0,15.0,12.8
2090,Malegaon,Surgana,2026-05-09,2026-05-09,0,15.0,12.8
2091,Malgawhan,Surgana,2026-05-09,2026-05-09,0,15.0,12.8
2092,Mandha,Surgana,2026-05-09,2026-05-09,0,15.0,12.8
2093,Mangadhe,Surgana,2026-05-09,2026-05-09,0,15.0,12.8
2094,Mani,Surgana,2026-05-09,2026-05-09,0,15.0,12.8
2095,Mankhed,Surgana,2026-05-09,2026-05-09,0,15.0,12.8
2096,Mhaishadak,Surgana,2026-05-09,2026-05-09,0,15.0,12.8
2097,Mohpada,Surgana,2026-05-09,2026-05-09,0,15.0,8.5
2098,Nagshevadi,Surgana,2026-05-09,2026-05-09,0,15.0,12.8
2099,Palsan,Surgana,2026-05-09,2026-05-09,0,15.0,12.8
2100,Pohali,Surgana,2026-05-09,2026-05-09,0,15.0,12.8
2101,Pratapgad,Surgana,2026-05-09,2026-05-09,0,10.0,12.0
2102,Ragatvihir,Surgana,2026-05-09,2026-05-09,0,10.0,12.0
2103,Rahude,Surgana,2026-05-09,2026-05-09,0,10.0,12.0
2104,Rasha,Surgana,2026-05-09,2026-05-09,0,10.0,12.0
2105,Rokadpada,Surgana,2026-05-09,2026-05-09,0,10.0,12.0
2106,Rongane,Surgana,2026-05-09,2026-05-09,0,10.0,12.0
2107,Sajole,Surgana,2026-05-09,2026-05-09,0,10.0,12.0
2108,Sarad,Surgana,2026-05-09,2026-05-09,0,10.0,12.0
2109,Shinde,Surgana,2026-05-09,2026-05-09,0,10.0,12.0
2110,Thangaon,Surgana,2026-05-09,2026-05-09,0,10.0,12.0
2111,Umberpada(D),Surgana,2026-05-09,2026-05-09,0,10.0,12.0
2112,Umberthan,Surgana,2026-05-09,2026-05-09,0,10.0,12.0
2113,Vaghdhond,Surgana,2026-05-09,2026-05-09,0,10.0,12.0
2114,Varambhe,Trimbak,2026-05-09,2026-05-09,0,15.0,18.5
2115,Alwand,Trimbak,2026-05-09,2026-05-09,0,15.0,18.5
2116,Ambai,Trimbak,2026-05-09,2026-05-09,0,15.0,18.5
2117,Amboli,Trimbak,2026-05-09,2026-05-09,0,15.0,18.5
2118,Anjaneri,Trimbak,2026-05-09,2026-05-09,0,15.0,18.5
2119,Aswalihirsha,Trimbak,2026-05-09,2026-05-09,0,15.0,18.5
2120,Avhate,Trimbak,2026-05-09,2026-05-09,0,15.0,18.5
2121,Bafanvihir,Trimbak,2026-05-09,2026-05-09,0,15.0,18.5
2122,Bbhootmokhada,Trimbak,2026-05-09,2026-05-09,0,15.0,18.5
2123,Berval,Trimbak,2026-05-09,2026-05-09,0,15.0,18.5
2124,Beze,Trimbak,2026-05-09,2026-05-09,0,15.0,18.5
2125,Bhagohol,Trimbak,2026-05-09,2026-05-09,0,15.0,18.5
2126,Bramhanwade,Trimbak,2026-04-09,2026-04-09,0,18.0,22.0
2127,Chinchohol,Trimbak,2026-04-09,2026-04-09,0,18.0,22.0
2128,Chinchvad,Trimbak,2026-04-09,2026-04-09,0,18.0,22.0
2129,Dalpatpur,Trimbak,2026-04-09,2026-04-09,0,18.0,22.0
2130,Deodongra,Trimbak,2026-04-09,2026-04-09,0,18.0,22.0
2131,Deodongri,Trimbak,2026-04-09,2026-04-09,0,18.0,22.0
2132,Deola,Trimbak,2026-04-09,2026-04-09,0,18.0,22.0
2133,Devgaon,Trimbak,2026-04-09,2026-04-09,0,18.0,22.0
2134,Dhumodi,Trimbak,2026-04-09,2026-04-09,0,18.0,22.0
2135,Gadvadane,Trimbak,2026-04-09,2026-04-09,0,18.0,22.0
2136,Ganeshgaon (W),Trimbak,2026-04-09,2026-04-09,0,18.0,22.0
2137,Gavatha,Trimbak,2026-04-09,2026-04-09,0,18.0,22.0
2138,Godhadyachapada,Trimbak,2026-04-09,2026-04-09,0,18.0,22.0
2139,Goldari,Trimbak,2026-04-09,2026-04-09,0,18.0,22.0
2140,Harsul,Trimbak,2026-04-09,2026-04-09,0,18.0,22.0
2141,Hatlondhi,Trimbak,2026-04-09,2026-04-09,0,18.0,22.0
2142,Birdi,Trimbak,2026-04-09,2026-04-09,0,18.0,22.0
2143,Holdar Nagar,Trimbak,2026-04-09,2026-04-09,0,18.0,22.0
2144,Jategaon Bk,Trimbak,2026-04-09,2026-04-09,0,18.0,22.0
2145,Jategaon Khd,Trimbak,2026-04-09,2026-04-09,0,18.0,22.0
2146,Kachurli,Trimbak,2026-04-09,2026-04-09,0,18.0,22.0
2147,Kalmuste(H),Trimbak,2026-04-09,2026-04-09,0,18.0,22.0
2148,Kalmuste (T),Trimbak,2026-04-09,2026-04-09,0,18.0,22.0
2149,Khadakohol,Trimbak,2026-04-09,2026-04-09,0,18.0,22.0
2150,Khairaipali,Trimbak,2026-04-09,2026-04-09,0,18.0,22.0
2151,Khambale,Trimbak,2026-03-09,2026-03-09,0,12.0,12.4
2152,Kharoli,Trimbak,2026-03-09,2026-03-09,0,12.0,12.4
2153,Kharset,Trimbak,2026-03-09,2026-03-09,0,12.0,12.4
2154,Kharwal,Trimbak,2026-03-09,2026-03-09,0,12.0,12.4
2155,Kone,Trimbak,2026-03-09,2026-03-09,0,12.0,12.4
2156,Kotambi (H),Trimbak,2026-03-09,2026-03-09,0,12.0,12.4
2157,Mahadeonagar,Trimbak,2026-03-09,2026-03-09,0,12.0,12.4
2158,Malegaon,Trimbak,2026-03-09,2026-03-09,0,12.0,12.4
2159,Met Chandryachi,Trimbak,2026-03-09,2026-03-09,0,12.0,12.4
2160,Metgharkilla,Trimbak,2026-03-09,2026-03-09,0,12.0,12.4
2161,Mulegaon,Trimbak,2026-03-09,2026-03-09,0,12.0,12.4
2162,Mulwad,Trimbak,2026-03-09,2026-03-09,0,12.0,12.4
2163,Murambi,Trimbak,2026-03-09,2026-03-09,0,12.0,12.4
2164,Nandgaon (K),Trimbak,2026-03-09,2026-03-09,0,12.0,12.4
2165,Nirgude,Trimbak,2026-03-09,2026-03-09,0,12.0,3.8
2166,Ozarkhed,Trimbak,2026-03-09,2026-03-09,0,12.0,12.4
2167,Pahine,Trimbak,2026-03-09,2026-03-09,0,12.0,12.4
2168,Pegalwadi (N),Trimbak,2026-03-09,2026-03-09,0,12.0,12.4
2169,Pegalwadi (T),Trimbak,2026-03-09,2026-03-09,0,12.0,12.4
2170,Pimplad (T),Trimbak,2026-03-09,2026-03-09,0,12.0,12.4
2171,Pimpri (T),Trimbak,2026-03-09,2026-03-09,0,12.0,12.4
2172,Raite,Trimbak,2026-03-09,2026-03-09,0,12.0,12.4
2173,Rohile,Trimbak,2026-03-09,2026-03-09,0,12.0,12.4
2174,Samundi,Trimbak,2026-03-09,2026-03-09,0,12.0,12.4
2175,Sapatpali,Trimbak,2026-03-09,2026-03-09,0,12.0,12.4
2176,Sapgaon,Trimbak,2026-02-09,2026-02-09,0,20.0,25.0
2177,Sapte,Trimbak,2026-02-09,2026-02-09,0,20.0,25.0
2178,Saraste,Trimbak,2026-02-09,2026-02-09,0,20.0,25.0
2179,Shirasgaon (H),Trimbak,2026-02-09,2026-02-09,0,20.0,25.0
2180,Shirasgaon (T),Trimbak,2026-02-09,2026-02-09,0,20.0,25.0
2181,Shivajinagar,Trimbak,2026-02-09,2026-02-09,0,20.0,25.0
2182,Somnathnagar,Trimbak,2026-02-09,2026-02-09,0,20.0,25.0
2183,Takedeogaon,Trimbak,2026-02-09,2026-02-09,0,20.0,25.0
2184,Takeharsh,Trimbak,2026-02-09,2026-02-09,0,20.0,25.0
2185,Talegaon (T),Trimbak,2026-02-09,2026-02-09,0,20.0,18.0
2186,Talwade (T),Trimbak,2026-02-09,2026-02-09,0,20.0,25.0
2187,Thanapada,Trimbak,2026-02-09,2026-02-09,0,20.0,25.0
2188,Torangan (H),Trimbak,2026-02-09,2026-02-09,0,20.0,25.0
2189,Torangan (T),Trimbak,2026-02-09,2026-02-09,0,20.0,25.0
2190,Vadholi,Trimbak,2026-02-09,2026-02-09,0,20.0,25.0
2191,Vaghera,Trimbak,2026-02-09,2026-02-09,0,20.0,25.0
2192,Varasvihar,Trimbak,2026-02-09,2026-02-09,0,20.0,25.0
2193,Vaviharsh,Trimbak,2026-02-09,2026-02-09,0,20.0,25.0
2194,Vaygholpada,Trimbak,2026-02-09,2026-02-09,0,20.0,25.0
2195,Vele,Trimbak,2026-02-09,2026-02-09,0,20.0,25.0
2196,Velunje,Trimbak,2026-02-09,2026-02-09,0,20.0,25.0
2197,Vijaynagar,Trimbak,2026-02-09,2026-02-09,0,20.0,25.0
2198,Zarwad Bk,Trimbak,2026-02-09,2026-02-09,0,20.0,25.0
2199,Zarwad Khd,Trimbak,2026-02-09,2026-02-09,0,20.0,25.0
2200,Adgaon Chothava,Yeola,2026-02-09,2026-02-09,0,5.0,6.5
2201,Pratapgad,Surgana,2026-05-09,2026-05-09,0,10.0,12.0
2202,Ragatvihir,Surgana,2026-05-09,2026-05-09,0,10.0,12.0
2203,Rahude,Surgana,2026-05-09,2026-05-09,0,10.0,12.0
2204,Rasha,Surgana,2026-05-09,2026-05-09,0,10.0,12.0
2205,Rokadpada,Surgana,2026-05-09,2026-05-09,0,10.0,12.0
2206,Rongane,Surgana,2026-05-09,2026-05-09,0,10.0,12.0
2207,Sajole,Surgana,2026-05-09,2026-05-09,0,10.0,12.0
2208,Sarad,Surgana,2026-05-09,2026-05-09,0,10.0,12.0
2209,Shinde,Surgana,2026-05-09,2026-05-09,0,10.0,12.0
2210,Thangaon,Surgana,2026-05-09,2026-05-09,0,10.0,12.0
2211,Umberpada(D),Surgana,2026-05-09,2026-05-09,0,10.0,12.0
2212,Umberthan,Surgana,2026-05-09,2026-05-09,0,10.0,12.0
2213,Vaghdhond,Surgana,2026-05-09,2026-05-09,0,10.0,12.0
2214,Varambhe,Trimbak,2026-05-09,2026-05-09,0,15.0,18.5
2215,Alwand,Trimbak,2026-05-09,2026-05-09,0,15.0,18.5
2216,Ambai,Trimbak,2026-05-09,2026-05-09,0,15.0,18.5
2217,Amboli,Trimbak,2026-05-09,2026-05-09,0,15.0,18.5
2218,Anjaneri,Trimbak,2026-05-09,2026-05-09,0,15.0,18.5
2219,Aswalihirsha,Trimbak,2026-05-09,2026-05-09,0,15.0,18.5
2220,Avhate,Trimbak,2026-05-09,2026-05-09,0,15.0,18.5
2221,Bafanvihir,Trimbak,2026-05-09,2026-05-09,0,15.0,18.5
2222,Bbhootmokhada,Trimbak,2026-05-09,2026-05-09,0,15.0,18.5
2223,Berval,Trimbak,2026-05-09,2026-05-09,0,15.0,18.5
2224,Beze,Trimbak,2026-05-09,2026-05-09,0,15.0,18.5
2225,Bhagohol,Trimbak,2026-05-09,2026-05-09,0,15.0,18.5
2226,Bramhanwade,Trimbak,2026-04-09,2026-04-09,0,18.0,22.0
2227,Chinchohol,Trimbak,2026-04-09,2026-04-09,0,18.0,22.0
2228,Chinchvad,Trimbak,2026-04-09,2026-04-09,0,18.0,22.0
2229,Dalpatpur,Trimbak,2026-04-09,2026-04-09,0,18.0,22.0
2230,Deodongra,Trimbak,2026-04-09,2026-04-09,0,18.0,22.0
2231,Deodongri,Trimbak,2026-04-09,2026-04-09,0,18.0,22.0
2232,Deola,Trimbak,2026-04-09,2026-04-09,0,18.0,22.0
2233,Devgaon,Trimbak,2026-04-09,2026-04-09,0,18.0,22.0
2234,Dhumodi,Trimbak,2026-04-09,2026-04-09,0,18.0,22.0
2235,Gadvadane,Trimbak,2026-04-09,2026-04-09,0,18.0,22.0
2236,Ganeshgaon (W),Trimbak,2026-04-09,2026-04-09,0,18.0,22.0
2237,Gavatha,Trimbak,2026-04-09,2026-04-09,0,18.0,22.0
2238,Godhadyachapada,Trimbak,2026-04-09,2026-04-09,0,18.0,22.0
2239,Goldari,Trimbak,2026-04-09,2026-04-09,0,18.0,22.0
2240,Harsul,Trimbak,2026-04-09,2026-04-09,0,18.0,22.0
2241,Hatlondhi,Trimbak,2026-04-09,2026-04-09,0,18.0,22.0
2242,Birdi,Trimbak,2026-04-09,2026-04-09,0,18.0,22.0
2243,Holdar Nagar,Trimbak,2026-04-09,2026-04-09,0,18.0,22.0
2244,Jategaon Bk,Trimbak,2026-04-09,2026-04-09,0,18.0,22.0
2245,Jategaon Khd,Trimbak,2026-04-09,2026-04-09,0,18.0,22.0
2246,Kachurli,Trimbak,2026-04-09,2026-04-09,0,18.0,22.0
2247,Kalmuste(H),Trimbak,2026-04-09,2026-04-09,0,18.0,22.0
2248,Kalmuste (T),Trimbak,2026-04-09,2026-04-09,0,18.0,22.0
2249,Khadakohol,Trimbak,2026-04-09,2026-04-09,0,18.0,22.0
2250,Khairaipali,Trimbak,2026-04-09,2026-04-09,0,18.0,22.0
2251,Khambale,Trimbak,2026-03-09,2026-03-09,0,12.0,12.4
2252,Kharoli,Trimbak,2026-03-09,2026-03-09,0,12.0,12.4
2253,Kharset,Trimbak,2026-03-09,2026-03-09,0,12.0,12.4
2254,Kharwal,Trimbak,2026-03-09,2026-03-09,0,12.0,12.4
2255,Kone,Trimbak,2026-03-09,2026-03-09,0,12.0,12.4
2256,Kotambi (H),Trimbak,2026-03-09,2026-03-09,0,12.0,12.4
2257,Mahadeonagar,Trimbak,2026-03-09,2026-03-09,0,12.0,12.4
2258,Malegaon,Trimbak,2026-03-09,2026-03-09,0,12.0,12.4
2259,Met Chandryachi,Trimbak,2026-03-09,2026-03-09,0,12.0,12.4
2260,Metgharkilla,Trimbak,2026-03-09,2026-03-09,0,12.0,12.4
2261,Mulegaon,Trimbak,2026-03-09,2026-03-09,0,12.0,12.4
2262,Mulwad,Trimbak,2026-03-09,2026-03-09,0,12.0,12.4
2263,Murambi,Trimbak,2026-03-09,2026-03-09,0,12.0,12.4
2264,Nandgaon (K),Trimbak,2026-03-09,2026-03-09,0,12.0,12.4
2265,Nirgude,Trimbak,2026-03-09,2026-03-09,0,12.0,3.8
2266,Ozarkhed,Trimbak,2026-03-09,2026-03-09,0,12.0,12.4
2267,Pahine,Trimbak,2026-03-09,2026-03-09,0,12.0,12.4
2268,Pegalwadi (N),Trimbak,2026-03-09,2026-03-09,0,12.0,12.4
2269,Pegalwadi (T),Trimbak,2026-03-09,2026-03-09,0,12.0,12.4
2270,Pimplad (T),Trimbak,2026-03-09,2026-03-09,0,12.0,12.4
2271,Pimpri (T),Trimbak,2026-03-09,2026-03-09,0,12.0,12.4
2272,Raite,Trimbak,2026-03-09,2026-03-09,0,12.0,12.4
2273,Rohile,Trimbak,2026-03-09,2026-03-09,0,12.0,12.4
2274,Samundi,Trimbak,2026-03-09,2026-03-09,0,12.0,12.4
2275,Sapatpali,Trimbak,2026-03-09,2026-03-09,0,12.0,12.4
2276,Sapgaon,Trimbak,2026-02-09,2026-02-09,0,20.0,25.0
2277,Sapte,Trimbak,2026-02-09,2026-02-09,0,20.0,25.0
2278,Saraste,Trimbak,2026-02-09,2026-02-09,0,20.0,25.0
2279,Shirasgaon (H),Trimbak,2026-02-09,2026-02-09,0,20.0,25.0
2280,Shirasgaon (T),Trimbak,2026-02-09,2026-02-09,0,20.0,25.0
2281,Shivajinagar,Trimbak,2026-02-09,2026-02-09,0,20.0,25.0
2282,Somnathnagar,Trimbak,2026-02-09,2026-02-09,0,20.0,25.0
2283,Takedeogaon,Trimbak,2026-02-09,2026-02-09,0,20.0,25.0
2284,Takeharsh,Trimbak,2026-02-09,2026-02-09,0,20.0,25.0
2285,Talegaon (T),Trimbak,2026-02-09,2026-02-09,0,20.0,18.0
2286,Talwade (T),Trimbak,2026-02-09,2026-02-09,0,20.0,25.0
2287,Thanapada,Trimbak,2026-02-09,2026-02-09,0,20.0,25.0
2288,Torangan (H),Trimbak,2026-02-09,2026-02-09,0,20.0,25.0
2289,Torangan (T),Trimbak,2026-02-09,2026-02-09,0,20.0,25.0
2290,Vadholi,Trimbak,2026-02-09,2026-02-09,0,20.0,25.0
2291,Vaghera,Trimbak,2026-02-09,2026-02-09,0,20.0,25.0
2292,Varasvihar,Trimbak,2026-02-09,2026-02-09,0,20.0,25.0
2293,Vaviharsh,Trimbak,2026-02-09,2026-02-09,0,20.0,25.0
2294,Vaygholpada,Trimbak,2026-02-09,2026-02-09,0,20.0,25.0
2295,Vele,Trimbak,2026-02-09,2026-02-09,0,20.0,25.0
2296,Velunje,Trimbak,2026-02-09,2026-02-09,0,20.0,25.0
2297,Vijaynagar,Trimbak,2026-02-09,2026-02-09,0,20.0,25.0
2298,Zarwad Bk,Trimbak,2026-02-09,2026-02-09,0,20.0,25.0
2299,Zarwad Khd,Trimbak,2026-02-09,2026-02-09,0,20.0,25.0
2300,Adgaon Chothava,Yeola,2026-02-09,2026-02-09,0,5.0,6.5
2301,Adgaon Repal,Yeola,2026-05-09,2026-05-09,0,15.0,18.2
2302,Adsuregaon,Yeola,2026-05-09,2026-05-09,0,15.0,18.2
2303,Agangaon,Yeola,2026-05-09,2026-05-09,0,15.0,18.2
2304,Aherwadi,Yeola,2026-05-09,2026-05-09,0,15.0,18.2
2305,Ambegaon,Yeola,2026-05-09,2026-05-09,0,15.0,18.2
2306,Andersul,Yeola,2026-05-09,2026-05-09,0,15.0,18.2
2307,Angulgaon,Yeola,2026-05-09,2026-05-09,0,15.0,18.2
2308,Ankai,Yeola,2026-05-09,2026-05-09,0,15.0,18.2
2309,Ankute,Yeola,2026-05-09,2026-05-09,0,15.0,18.2
2310,Babhulgaon Kh,Yeola,2026-05-09,2026-05-09,0,15.0,18.2
2311,Balapur,Yeola,2026-05-09,2026-05-09,0,15.0,18.2
2312,Balhegaon,Yeola,2026-05-09,2026-05-09,0,15.0,18.2
2313,Bharam,Yeola,2026-05-09,2026-05-09,0,15.0,18.2
2314,Bhatgaon,Yeola,2026-05-09,2026-05-09,0,15.0,18.2
2315,Bhulegaon,Yeola,2026-05-09,2026-05-09,0,15.0,18.2
2316,Bokte,Yeola,2026-05-09,2026-05-09,0,15.0,18.2
2317,Chandgaon,Yeola,2026-05-09,2026-05-09,0,15.0,18.2
2318,Chinchodi Bk.,Yeola,2026-05-09,2026-05-09,0,15.0,18.2
2319,Chinchodi Ku,Yeola,2026-05-09,2026-05-09,0,15.0,18.2
2320,Deolane,Yeola,2026-05-09,2026-05-09,0,15.0,18.2
2321,Deothan,Yeola,2026-05-09,2026-05-09,0,15.0,18.2
2322,Deshmane Bk,Yeola,2026-05-09,2026-05-09,0,15.0,18.2
2323,Devargaon,Yeola,2026-05-09,2026-05-09,0,15.0,18.2
2324,Dhamangaon,Yeola,2026-05-09,2026-05-09,0,15.0,18.2
2325,Dhamode,Yeola,2026-05-09,2026-05-09,0,15.0,18.2
2326,Dhulgaon,Yeola,2026-04-09,2026-04-09,0,10.0,12.4
2327,Dongargaon,Yeola,2026-04-09,2026-04-09,0,10.0,12.4
2328,Dugalgaon,Yeola,2026-04-09,2026-04-09,0,10.0,12.4
2329,Erandgaon Bk.,Yeola,2026-04-09,2026-04-09,0,10.0,12.4
2330,Erandgaon Kh,Yeola,2026-04-09,2026-04-09,0,10.0,12.4
2331,Ganeshpur,Yeola,2026-04-09,2026-04-09,0,10.0,12.4
2332,Garkhede,Yeola,2026-04-09,2026-04-09,0,10.0,12.4
2333,Gavandgaon,Yeola,2026-04-09,2026-04-09,0,10.0,12.4
2334,Gujarkhede,Yeola,2026-04-09,2026-04-09,0,10.0,12.4
2335,Jalgaon Neur,Yeola,2026-04-09,2026-04-09,0,10.0,12.4
2336,Jaualke,Yeola,2026-04-09,2026-04-09,0,10.0,12.4
2337,Kanadi,Yeola,2026-04-09,2026-04-09,0,10.0,12.4
2338,Katarni,Yeola,2026-04-09,2026-04-09,0,10.0,12.4
2339,Khairgavhan,Yeola,2026-04-09,2026-04-09,0,10.0,12.4
2340,Khamgaon,Yeola,2026-04-09,2026-04-09,0,10.0,12.4
2341,Kharwandi,Yeola,2026-04-09,2026-04-09,0,10.0,12.4
2342,Khirdisathe,Yeola,2026-04-09,2026-04-09,0,10.0,12.4
2343,Kolam Bk,Yeola,2026-04-09,2026-04-09,0,10.0,12.4
2344,Kolgaon,Yeola,2026-04-09,2026-04-09,0,10.0,12.4
2345,Kotamgaon Bk,Yeola,2026-04-09,2026-04-09,0,10.0,12.4
2346,Kotomgaon Kh,Yeola,2026-04-09,2026-04-09,0,10.0,12.4
2347,Kusmadi,Yeola,2026-04-09,2026-04-09,0,10.0,12.4
2348,Kusur,Yeola,2026-04-09,2026-04-09,0,10.0,12.4
2349,Lauki Shiras,Yeola,2026-04-09,2026-04-09,0,10.0,12.4
2350,Mahalkheda (Patoda),Yeola,2026-04-09,2026-04-09,0,10.0,12.4
2351,Mamdapur,Yeola,2026-03-09,2026-03-09,0,5.0,4.8
2352,Manori Bk.,Yeola,2026-03-09,2026-03-09,0,5.0,4.8
2353,Matulthan,Yeola,2026-03-09,2026-03-09,0,5.0,4.8
2354,Mukhed,Yeola,2026-03-09,2026-03-09,0,5.0,4.8
2355,Murmi,Yeola,2026-03-09,2026-03-09,0,5.0,4.8
2356,Nagarsul,Yeola,2026-03-09,2026-03-09,0,5.0,4.8
2357,Nagde,Yeola,2026-03-09,2026-03-09,0,5.0,4.8
2358,Naigavhan,Yeola,2026-03-09,2026-03-09,0,5.0,4.8
2359,Nandesar,Yeola,2026-03-09,2026-03-09,0,5.0,4.8
2360,Nandur,Yeola,2026-03-09,2026-03-09,0,5.0,4.8
2361,Nevurgaon,Yeola,2026-03-09,2026-03-09,0,5.0,4.8
2362,Nilkhede,Yeola,2026-03-09,2026-03-09,0,5.0,4.8
2363,Nimgaon Madh,Yeola,2026-03-09,2026-03-09,0,5.0,4.8
2364,Panhalsathe,Yeola,2026-03-09,2026-03-09,0,5.0,4.8
2365,Panzarwadi,Yeola,2026-03-09,2026-03-09,0,5.0,4.8
2366,Paregaon,Yeola,2026-03-09,2026-03-09,0,5.0,4.8
2367,Patoda,Yeola,2026-03-09,2026-03-09,0,5.0,4.8
2368,Pimpalgaon Jalal,Yeola,2026-03-09,2026-03-09,0,5.0,4.8
2369,Pimpalgaon Lep,Yeola,2026-03-09,2026-03-09,0,5.0,4.8
2370,Pimpalkhute Bk.,Yeola,2026-03-09,2026-03-09,0,5.0,4.8
2371,Pimpri,Yeola,2026-03-09,2026-03-09,0,5.0,4.8
2372,Purangaon,Yeola,2026-03-09,2026-03-09,0,5.0,4.8
2373,Rahadi,Yeola,2026-03-09,2026-03-09,0,5.0,4.8
2374,Rajapur,Yeola,2026-03-09,2026-03-09,0,5.0,4.8
2375,Rendale,Yeola,2026-03-09,2026-03-09,0,5.0,4.8
2376,Satali,Yeola,2026-02-09,2026-02-09,0,2.0,1.5
2377,Satare,Yeola,2026-02-09,2026-02-09,0,2.0,1.5
2378,Satyagaon,Yeola,2026-02-09,2026-02-09,0,2.0,1.5
2379,Savargaon,Yeola,2026-02-09,2026-02-09,0,2.0,1.5
2380,Saygaon,Yeola,2026-02-09,2026-02-09,0,2.0,1.5
2381,Shirasgaon (Lauki),Yeola,2026-02-09,2026-02-09,0,2.0,1.5
2382,Somthandesh,Yeola,2026-02-09,2026-02-09,0,2.0,1.5
2383,Suregaon Rasta,Yeola,2026-02-09,2026-02-09,0,2.0,1.5
2384,Talwade,Yeola,2026-02-09,2026-02-09,0,2.0,1.5
2385,Thangaon,Yeola,2026-02-09,2026-02-09,0,2.0,1.5
2386,Undirwadi,Yeola,2026-02-09,2026-02-09,0,2.0,1.5
2387,Vaghale,Yeola,2026-02-09,2026-02-09,0,2.0,1.5
2388,Vikharni,Yeola,2026-02-09,2026-02-09,0,2.0,1.5
